{
  "0": {
    "precision": 0.9229182140793926,
    "recall": 0.8032033326150974,
    "f1-score": 0.8589093701996928,
    "support": 13923.0
  },
  "1": {
    "precision": 0.5193825644623751,
    "recall": 0.7602053915275995,
    "f1-score": 0.6171321383909962,
    "support": 3895.0
  },
  "accuracy": 0.7938040184083511,
  "macro avg": {
    "precision": 0.7211503892708838,
    "recall": 0.7817043620713484,
    "f1-score": 0.7380207542953445,
    "support": 17818.0
  },
  "weighted avg": {
    "precision": 0.8347056562581846,
    "recall": 0.7938040184083511,
    "f1-score": 0.8060570681514903,
    "support": 17818.0
  }
}