2026-06-20 11:18:52.790 | INFO     | app.middleware.logging_middleware:dispatch:59 - request_completed
2026-06-20 11:28:05.165 | INFO     | main:lifespan:112 - MongoDB connection closed
2026-06-20 11:28:11.741 | INFO     | main:lifespan:74 - MongoDB connected successfully
2026-06-20 11:28:17.850 | INFO     | main:lifespan:98 - RealtimeStockoutPredictor initialized successfully, model_version=unknown
2026-06-20 11:28:20.683 | INFO     | app.db.indexes:create_all_indexes:214 - All MongoDB indexes created successfully
2026-06-20 11:28:20.750 | INFO     | main:lifespan:107 - MongoDB indexes initialized successfully
2026-06-20 11:28:20.778 | INFO     | app.middleware.logging_middleware:dispatch:59 - request_completed
2026-06-20 11:30:44.403 | INFO     | app.middleware.logging_middleware:dispatch:59 - request_completed
2026-06-20 11:31:19.568 | INFO     | app.middleware.logging_middleware:dispatch:59 - request_completed
2026-06-20 11:31:40.021 | INFO     | app.middleware.logging_middleware:dispatch:59 - request_completed
2026-06-20 11:33:27.296 | INFO     | app.middleware.logging_middleware:dispatch:59 - request_completed
2026-06-20 11:33:27.966 | INFO     | app.middleware.logging_middleware:dispatch:59 - request_completed
2026-06-20 11:33:45.847 | INFO     | app.middleware.logging_middleware:dispatch:59 - request_completed
2026-06-20 11:33:46.048 | INFO     | app.middleware.logging_middleware:dispatch:59 - request_completed
2026-06-20 11:33:46.064 | INFO     | app.middleware.logging_middleware:dispatch:59 - request_completed
2026-06-20 11:33:48.711 | INFO     | app.middleware.logging_middleware:dispatch:59 - request_completed
2026-06-20 11:33:48.772 | INFO     | app.middleware.logging_middleware:dispatch:59 - request_completed
2026-06-20 11:33:48.808 | INFO     | app.middleware.logging_middleware:dispatch:59 - request_completed
2026-06-20 11:33:49.875 | INFO     | app.middleware.logging_middleware:dispatch:59 - request_completed
2026-06-20 11:33:50.663 | INFO     | app.middleware.logging_middleware:dispatch:59 - request_completed
2026-06-20 11:33:50.667 | INFO     | app.middleware.logging_middleware:dispatch:59 - request_completed
2026-06-20 11:33:50.669 | INFO     | app.middleware.logging_middleware:dispatch:59 - request_completed
2026-06-20 11:33:51.372 | INFO     | app.middleware.logging_middleware:dispatch:59 - request_completed
2026-06-20 11:33:51.451 | INFO     | app.middleware.logging_middleware:dispatch:59 - request_completed
2026-06-20 11:33:52.171 | INFO     | app.middleware.logging_middleware:dispatch:59 - request_completed
2026-06-20 11:33:52.175 | INFO     | app.middleware.logging_middleware:dispatch:59 - request_completed
2026-06-20 11:33:54.360 | INFO     | app.middleware.logging_middleware:dispatch:59 - request_completed
2026-06-20 11:33:54.362 | INFO     | app.middleware.logging_middleware:dispatch:59 - request_completed
2026-06-20 11:33:54.365 | INFO     | app.middleware.logging_middleware:dispatch:59 - request_completed
2026-06-20 11:33:54.371 | INFO     | app.middleware.logging_middleware:dispatch:59 - request_completed
2026-06-20 11:33:54.385 | INFO     | app.middleware.logging_middleware:dispatch:59 - request_completed
2026-06-20 11:33:54.389 | INFO     | app.middleware.logging_middleware:dispatch:59 - request_completed
2026-06-20 11:33:54.413 | INFO     | app.middleware.logging_middleware:dispatch:59 - request_completed
2026-06-20 11:33:54.424 | INFO     | app.middleware.logging_middleware:dispatch:59 - request_completed
2026-06-20 11:33:54.448 | INFO     | app.middleware.logging_middleware:dispatch:59 - request_completed
2026-06-20 11:33:58.436 | INFO     | app.middleware.logging_middleware:dispatch:59 - request_completed
2026-06-20 11:33:58.441 | INFO     | app.middleware.logging_middleware:dispatch:59 - request_completed
2026-06-20 11:33:58.442 | INFO     | app.middleware.logging_middleware:dispatch:59 - request_completed
2026-06-20 11:33:58.688 | INFO     | app.middleware.logging_middleware:dispatch:59 - request_completed
2026-06-20 11:33:59.272 | INFO     | app.middleware.logging_middleware:dispatch:59 - request_completed
2026-06-20 11:33:59.274 | INFO     | app.middleware.logging_middleware:dispatch:59 - request_completed
2026-06-20 11:33:59.280 | INFO     | app.middleware.logging_middleware:dispatch:59 - request_completed
2026-06-20 11:33:59.313 | INFO     | app.middleware.logging_middleware:dispatch:59 - request_completed
2026-06-20 11:34:02.222 | INFO     | app.middleware.logging_middleware:dispatch:59 - request_completed
2026-06-20 11:34:02.257 | INFO     | app.middleware.logging_middleware:dispatch:59 - request_completed
2026-06-20 11:34:03.459 | INFO     | app.middleware.logging_middleware:dispatch:59 - request_completed
2026-06-20 11:34:03.478 | INFO     | app.middleware.logging_middleware:dispatch:59 - request_completed
2026-06-20 11:34:03.486 | INFO     | app.middleware.logging_middleware:dispatch:59 - request_completed
2026-06-20 11:34:03.513 | INFO     | app.middleware.logging_middleware:dispatch:59 - request_completed
2026-06-20 11:34:04.929 | INFO     | app.middleware.logging_middleware:dispatch:59 - request_completed
2026-06-20 11:34:05.601 | INFO     | app.middleware.logging_middleware:dispatch:59 - request_completed
2026-06-20 11:34:08.709 | INFO     | app.middleware.logging_middleware:dispatch:59 - request_completed
2026-06-20 11:34:08.720 | INFO     | app.middleware.logging_middleware:dispatch:59 - request_completed
2026-06-20 11:34:08.740 | INFO     | app.middleware.logging_middleware:dispatch:59 - request_completed
2026-06-20 11:34:09.547 | INFO     | app.middleware.logging_middleware:dispatch:59 - request_completed
2026-06-20 11:34:09.611 | INFO     | app.middleware.logging_middleware:dispatch:59 - request_completed
2026-06-20 11:34:09.611 | INFO     | app.middleware.logging_middleware:dispatch:59 - request_completed
2026-06-20 11:34:10.502 | INFO     | app.middleware.logging_middleware:dispatch:59 - request_completed
2026-06-20 11:34:10.573 | INFO     | app.middleware.logging_middleware:dispatch:59 - request_completed
2026-06-20 11:34:10.574 | INFO     | app.middleware.logging_middleware:dispatch:59 - request_completed
2026-06-20 11:34:11.393 | INFO     | app.middleware.logging_middleware:dispatch:59 - request_completed
2026-06-20 11:34:11.466 | INFO     | app.middleware.logging_middleware:dispatch:59 - request_completed
2026-06-20 11:34:11.499 | INFO     | app.middleware.logging_middleware:dispatch:59 - request_completed
2026-06-20 11:34:12.311 | INFO     | app.middleware.logging_middleware:dispatch:59 - request_completed
2026-06-20 11:34:13.122 | INFO     | app.middleware.logging_middleware:dispatch:59 - request_completed
2026-06-20 11:34:13.163 | INFO     | app.middleware.logging_middleware:dispatch:59 - request_completed
2026-06-20 11:34:14.008 | INFO     | app.middleware.logging_middleware:dispatch:59 - request_completed
2026-06-20 11:34:14.010 | INFO     | app.middleware.logging_middleware:dispatch:59 - request_completed
2026-06-20 11:34:14.012 | INFO     | app.middleware.logging_middleware:dispatch:59 - request_completed
2026-06-20 11:34:15.532 | INFO     | app.middleware.logging_middleware:dispatch:59 - request_completed
2026-06-20 11:34:15.534 | INFO     | app.middleware.logging_middleware:dispatch:59 - request_completed
2026-06-20 11:34:16.187 | INFO     | app.middleware.logging_middleware:dispatch:59 - request_completed
2026-06-20 11:34:16.227 | INFO     | app.middleware.logging_middleware:dispatch:59 - request_completed
2026-06-20 11:34:16.255 | INFO     | app.middleware.logging_middleware:dispatch:59 - request_completed
2026-06-20 11:34:16.999 | INFO     | app.middleware.logging_middleware:dispatch:59 - request_completed
2026-06-20 11:34:17.794 | INFO     | app.middleware.logging_middleware:dispatch:59 - request_completed
2026-06-20 11:34:17.825 | INFO     | app.middleware.logging_middleware:dispatch:59 - request_completed
2026-06-20 11:34:25.414 | INFO     | app.middleware.logging_middleware:dispatch:59 - request_completed
2026-06-20 11:34:25.427 | INFO     | app.middleware.logging_middleware:dispatch:59 - request_completed
2026-06-20 11:34:25.431 | INFO     | app.middleware.logging_middleware:dispatch:59 - request_completed
2026-06-20 11:34:25.433 | INFO     | app.middleware.logging_middleware:dispatch:59 - request_completed
2026-06-20 11:34:25.442 | INFO     | app.middleware.logging_middleware:dispatch:59 - request_completed
2026-06-20 11:34:25.451 | INFO     | app.middleware.logging_middleware:dispatch:59 - request_completed
2026-06-20 11:34:25.481 | INFO     | app.middleware.logging_middleware:dispatch:59 - request_completed
2026-06-20 11:34:25.494 | INFO     | app.middleware.logging_middleware:dispatch:59 - request_completed
2026-06-20 11:34:25.500 | INFO     | app.middleware.logging_middleware:dispatch:59 - request_completed
2026-06-20 11:34:26.797 | INFO     | app.middleware.logging_middleware:dispatch:59 - request_completed
2026-06-20 11:34:26.799 | INFO     | app.middleware.logging_middleware:dispatch:59 - request_completed
2026-06-20 11:34:26.801 | INFO     | app.middleware.logging_middleware:dispatch:59 - request_completed
2026-06-20 11:34:26.803 | INFO     | app.middleware.logging_middleware:dispatch:59 - request_completed
2026-06-20 11:34:26.819 | INFO     | app.middleware.logging_middleware:dispatch:59 - request_completed
2026-06-20 11:34:26.823 | INFO     | app.middleware.logging_middleware:dispatch:59 - request_completed
2026-06-20 11:34:26.854 | INFO     | app.middleware.logging_middleware:dispatch:59 - request_completed
2026-06-20 11:34:26.864 | INFO     | app.middleware.logging_middleware:dispatch:59 - request_completed
2026-06-20 11:34:26.869 | INFO     | app.middleware.logging_middleware:dispatch:59 - request_completed
2026-06-20 11:45:45.503 | INFO     | app.middleware.logging_middleware:dispatch:59 - request_completed
2026-06-20 11:50:08.842 | INFO     | app.middleware.logging_middleware:dispatch:59 - request_completed
2026-06-20 11:50:10.115 | INFO     | app.middleware.logging_middleware:dispatch:59 - request_completed
2026-06-20 11:50:10.130 | INFO     | app.middleware.logging_middleware:dispatch:59 - request_completed
2026-06-20 11:50:10.130 | INFO     | app.middleware.logging_middleware:dispatch:59 - request_completed
2026-06-20 11:50:10.135 | INFO     | app.middleware.logging_middleware:dispatch:59 - request_completed
2026-06-20 11:50:10.138 | INFO     | app.middleware.logging_middleware:dispatch:59 - request_completed
2026-06-20 11:50:10.143 | INFO     | app.middleware.logging_middleware:dispatch:59 - request_completed
2026-06-20 11:50:10.174 | INFO     | app.middleware.logging_middleware:dispatch:59 - request_completed
2026-06-20 11:50:10.187 | INFO     | app.middleware.logging_middleware:dispatch:59 - request_completed
2026-06-20 11:50:10.195 | INFO     | app.middleware.logging_middleware:dispatch:59 - request_completed
2026-06-20 11:50:10.858 | INFO     | app.middleware.logging_middleware:dispatch:59 - request_completed
2026-06-20 11:50:10.864 | INFO     | app.middleware.logging_middleware:dispatch:59 - request_completed
2026-06-20 11:50:10.866 | INFO     | app.middleware.logging_middleware:dispatch:59 - request_completed
2026-06-20 11:50:10.894 | INFO     | app.middleware.logging_middleware:dispatch:59 - request_completed
2026-06-20 11:50:11.307 | INFO     | app.middleware.logging_middleware:dispatch:59 - request_completed
2026-06-20 11:50:11.833 | INFO     | app.middleware.logging_middleware:dispatch:59 - request_completed
2026-06-20 11:50:12.285 | INFO     | app.middleware.logging_middleware:dispatch:59 - request_completed
2026-06-20 11:50:12.287 | INFO     | app.middleware.logging_middleware:dispatch:59 - request_completed
2026-06-20 11:50:12.321 | INFO     | app.middleware.logging_middleware:dispatch:59 - request_completed
2026-06-20 11:50:13.206 | INFO     | app.middleware.logging_middleware:dispatch:59 - request_completed
2026-06-20 11:50:13.208 | INFO     | app.middleware.logging_middleware:dispatch:59 - request_completed
2026-06-20 11:50:13.212 | INFO     | app.middleware.logging_middleware:dispatch:59 - request_completed
2026-06-20 11:50:15.767 | INFO     | app.middleware.logging_middleware:dispatch:59 - request_completed
2026-06-20 11:50:15.770 | INFO     | app.middleware.logging_middleware:dispatch:59 - request_completed
2026-06-20 11:50:15.771 | INFO     | app.middleware.logging_middleware:dispatch:59 - request_completed
2026-06-20 11:50:15.799 | INFO     | app.middleware.logging_middleware:dispatch:59 - request_completed
2026-06-20 11:50:16.205 | INFO     | app.middleware.logging_middleware:dispatch:59 - request_completed
2026-06-20 11:50:16.211 | INFO     | app.middleware.logging_middleware:dispatch:59 - request_completed
2026-06-20 11:50:16.212 | INFO     | app.middleware.logging_middleware:dispatch:59 - request_completed
2026-06-20 11:50:16.239 | INFO     | app.middleware.logging_middleware:dispatch:59 - request_completed
2026-06-20 11:50:16.603 | INFO     | app.middleware.logging_middleware:dispatch:59 - request_completed
2026-06-20 11:50:17.314 | INFO     | app.middleware.logging_middleware:dispatch:59 - request_completed
2026-06-20 11:50:18.474 | INFO     | app.middleware.logging_middleware:dispatch:59 - request_completed
2026-06-20 11:50:18.476 | INFO     | app.middleware.logging_middleware:dispatch:59 - request_completed
2026-06-20 11:50:19.217 | INFO     | app.middleware.logging_middleware:dispatch:59 - request_completed
2026-06-20 11:50:19.261 | INFO     | app.middleware.logging_middleware:dispatch:59 - request_completed
2026-06-20 11:50:19.278 | INFO     | app.middleware.logging_middleware:dispatch:59 - request_completed
2026-06-20 11:50:19.714 | INFO     | app.middleware.logging_middleware:dispatch:59 - request_completed
2026-06-20 11:50:20.084 | INFO     | app.middleware.logging_middleware:dispatch:59 - request_completed
2026-06-20 11:50:20.115 | INFO     | app.middleware.logging_middleware:dispatch:59 - request_completed
2026-06-20 11:50:22.279 | INFO     | app.middleware.logging_middleware:dispatch:59 - request_completed
2026-06-20 11:50:22.316 | INFO     | app.middleware.logging_middleware:dispatch:59 - request_completed
2026-06-20 11:50:22.341 | INFO     | app.middleware.logging_middleware:dispatch:59 - request_completed
2026-06-20 11:50:23.004 | INFO     | app.middleware.logging_middleware:dispatch:59 - request_completed
2026-06-20 11:50:23.592 | INFO     | app.middleware.logging_middleware:dispatch:59 - request_completed
2026-06-20 11:50:23.629 | INFO     | app.middleware.logging_middleware:dispatch:59 - request_completed
2026-06-20 11:50:23.656 | INFO     | app.middleware.logging_middleware:dispatch:59 - request_completed
2026-06-20 11:50:24.581 | INFO     | app.middleware.logging_middleware:dispatch:59 - request_completed
2026-06-20 11:50:25.167 | INFO     | app.middleware.logging_middleware:dispatch:59 - request_completed
2026-06-20 11:50:25.169 | INFO     | app.middleware.logging_middleware:dispatch:59 - request_completed
2026-06-20 11:50:26.006 | INFO     | app.middleware.logging_middleware:dispatch:59 - request_completed
2026-06-20 11:50:26.438 | INFO     | app.middleware.logging_middleware:dispatch:59 - request_completed
2026-06-20 11:50:26.484 | INFO     | app.middleware.logging_middleware:dispatch:59 - request_completed
2026-06-20 11:50:27.539 | INFO     | app.middleware.logging_middleware:dispatch:59 - request_completed
2026-06-20 11:50:27.599 | INFO     | app.middleware.logging_middleware:dispatch:59 - request_completed
2026-06-20 11:50:27.629 | INFO     | app.middleware.logging_middleware:dispatch:59 - request_completed
2026-06-20 11:50:28.135 | INFO     | app.middleware.logging_middleware:dispatch:59 - request_completed
2026-06-20 11:50:28.201 | INFO     | app.middleware.logging_middleware:dispatch:59 - request_completed
2026-06-20 11:50:28.202 | INFO     | app.middleware.logging_middleware:dispatch:59 - request_completed
2026-06-20 11:50:28.891 | INFO     | app.middleware.logging_middleware:dispatch:59 - request_completed
2026-06-20 11:50:28.896 | INFO     | app.middleware.logging_middleware:dispatch:59 - request_completed
2026-06-20 11:50:28.920 | INFO     | app.middleware.logging_middleware:dispatch:59 - request_completed
2026-06-20 11:50:30.005 | INFO     | app.middleware.logging_middleware:dispatch:59 - request_completed
2026-06-20 11:50:30.011 | INFO     | app.middleware.logging_middleware:dispatch:59 - request_completed
2026-06-20 11:50:30.033 | INFO     | app.middleware.logging_middleware:dispatch:59 - request_completed
2026-06-20 11:50:40.874 | INFO     | app.middleware.logging_middleware:dispatch:59 - request_completed
2026-06-20 11:50:40.942 | INFO     | app.middleware.logging_middleware:dispatch:59 - request_completed
2026-06-20 11:50:45.391 | INFO     | app.middleware.logging_middleware:dispatch:59 - request_completed
2026-06-20 11:50:53.986 | INFO     | app.middleware.logging_middleware:dispatch:59 - request_completed
2026-06-20 11:50:57.762 | INFO     | app.middleware.logging_middleware:dispatch:59 - request_completed
2026-06-20 11:51:06.258 | INFO     | app.middleware.logging_middleware:dispatch:59 - request_completed
2026-06-20 11:51:10.251 | INFO     | app.middleware.logging_middleware:dispatch:59 - request_completed
2026-06-20 11:51:10.255 | INFO     | app.middleware.logging_middleware:dispatch:59 - request_completed
2026-06-20 11:51:10.757 | INFO     | app.middleware.logging_middleware:dispatch:59 - request_completed
2026-06-20 11:51:24.733 | INFO     | app.middleware.logging_middleware:dispatch:59 - request_completed
2026-06-20 11:51:24.766 | INFO     | app.middleware.logging_middleware:dispatch:59 - request_completed
2026-06-20 11:51:28.453 | INFO     | app.middleware.logging_middleware:dispatch:59 - request_completed
2026-06-20 11:51:28.485 | INFO     | app.middleware.logging_middleware:dispatch:59 - request_completed
2026-06-20 11:51:28.962 | INFO     | app.middleware.logging_middleware:dispatch:59 - request_completed
2026-06-20 11:51:28.994 | INFO     | app.middleware.logging_middleware:dispatch:59 - request_completed
2026-06-20 11:51:29.188 | INFO     | app.middleware.logging_middleware:dispatch:59 - request_completed
2026-06-20 11:51:29.220 | INFO     | app.middleware.logging_middleware:dispatch:59 - request_completed
2026-06-20 11:51:31.302 | INFO     | app.middleware.logging_middleware:dispatch:59 - request_completed
2026-06-20 11:51:31.336 | INFO     | app.middleware.logging_middleware:dispatch:59 - request_completed
2026-06-20 11:51:31.511 | INFO     | app.middleware.logging_middleware:dispatch:59 - request_completed
2026-06-20 11:51:31.543 | INFO     | app.middleware.logging_middleware:dispatch:59 - request_completed
2026-06-20 11:51:31.738 | INFO     | app.middleware.logging_middleware:dispatch:59 - request_completed
2026-06-20 11:51:31.769 | INFO     | app.middleware.logging_middleware:dispatch:59 - request_completed
2026-06-20 11:51:32.546 | INFO     | app.middleware.logging_middleware:dispatch:59 - request_completed
2026-06-20 11:51:32.583 | INFO     | app.middleware.logging_middleware:dispatch:59 - request_completed
2026-06-20 11:51:32.995 | INFO     | app.middleware.logging_middleware:dispatch:59 - request_completed
2026-06-20 11:51:33.027 | INFO     | app.middleware.logging_middleware:dispatch:59 - request_completed
2026-06-20 11:51:33.443 | INFO     | app.middleware.logging_middleware:dispatch:59 - request_completed
2026-06-20 11:51:33.473 | INFO     | app.middleware.logging_middleware:dispatch:59 - request_completed
2026-06-20 13:58:19.584 | INFO     | main:lifespan:112 - MongoDB connection closed
2026-06-20 13:58:26.663 | INFO     | main:lifespan:74 - MongoDB connected successfully
2026-06-20 13:58:34.959 | INFO     | main:lifespan:98 - RealtimeStockoutPredictor initialized successfully, model_version=unknown
2026-06-20 13:58:39.872 | INFO     | app.db.indexes:create_all_indexes:214 - All MongoDB indexes created successfully
2026-06-20 13:58:40.077 | INFO     | main:lifespan:107 - MongoDB indexes initialized successfully
2026-06-20 14:51:59.467 | INFO     | app.middleware.logging_middleware:dispatch:59 - request_completed
2026-06-20 14:51:59.764 | INFO     | app.middleware.logging_middleware:dispatch:59 - request_completed
2026-06-20 14:51:59.791 | INFO     | app.middleware.logging_middleware:dispatch:59 - request_completed
2026-06-20 14:52:00.316 | INFO     | app.middleware.logging_middleware:dispatch:59 - request_completed
2026-06-20 14:52:01.143 | INFO     | app.middleware.logging_middleware:dispatch:59 - request_completed
2026-06-20 14:52:01.698 | INFO     | app.middleware.logging_middleware:dispatch:59 - request_completed
2026-06-20 14:52:01.711 | INFO     | app.middleware.logging_middleware:dispatch:59 - request_completed
2026-06-20 14:52:02.235 | INFO     | app.middleware.logging_middleware:dispatch:59 - request_completed
2026-06-20 14:52:02.243 | INFO     | app.middleware.logging_middleware:dispatch:59 - request_completed
2026-06-20 14:52:02.253 | INFO     | app.middleware.logging_middleware:dispatch:59 - request_completed
2026-06-20 14:52:02.689 | INFO     | app.middleware.logging_middleware:dispatch:59 - request_completed
2026-06-20 14:52:02.701 | INFO     | app.middleware.logging_middleware:dispatch:59 - request_completed
2026-06-20 14:52:02.711 | INFO     | app.middleware.logging_middleware:dispatch:59 - request_completed
2026-06-20 14:52:03.198 | INFO     | app.middleware.logging_middleware:dispatch:59 - request_completed
2026-06-20 14:52:03.213 | INFO     | app.middleware.logging_middleware:dispatch:59 - request_completed
2026-06-20 14:52:03.225 | INFO     | app.middleware.logging_middleware:dispatch:59 - request_completed
2026-06-20 14:52:03.679 | INFO     | app.middleware.logging_middleware:dispatch:59 - request_completed
2026-06-20 14:52:03.690 | INFO     | app.middleware.logging_middleware:dispatch:59 - request_completed
2026-06-20 14:52:03.701 | INFO     | app.middleware.logging_middleware:dispatch:59 - request_completed
2026-06-20 14:52:04.128 | INFO     | app.middleware.logging_middleware:dispatch:59 - request_completed
2026-06-20 14:52:04.140 | INFO     | app.middleware.logging_middleware:dispatch:59 - request_completed
2026-06-20 14:52:04.150 | INFO     | app.middleware.logging_middleware:dispatch:59 - request_completed
2026-06-20 14:52:04.492 | INFO     | app.middleware.logging_middleware:dispatch:59 - request_completed
2026-06-20 14:52:04.505 | INFO     | app.middleware.logging_middleware:dispatch:59 - request_completed
2026-06-20 14:52:04.515 | INFO     | app.middleware.logging_middleware:dispatch:59 - request_completed
2026-06-20 14:52:04.782 | INFO     | app.middleware.logging_middleware:dispatch:59 - request_completed
2026-06-20 14:52:04.791 | INFO     | app.middleware.logging_middleware:dispatch:59 - request_completed
2026-06-20 14:52:04.805 | INFO     | app.middleware.logging_middleware:dispatch:59 - request_completed
2026-06-20 14:52:04.968 | INFO     | app.middleware.logging_middleware:dispatch:59 - request_completed
2026-06-20 14:52:04.981 | INFO     | app.middleware.logging_middleware:dispatch:59 - request_completed
2026-06-20 14:52:04.993 | INFO     | app.middleware.logging_middleware:dispatch:59 - request_completed
2026-06-20 14:52:05.153 | INFO     | app.middleware.logging_middleware:dispatch:59 - request_completed
2026-06-20 14:52:05.164 | INFO     | app.middleware.logging_middleware:dispatch:59 - request_completed
2026-06-20 14:52:05.178 | INFO     | app.middleware.logging_middleware:dispatch:59 - request_completed
2026-06-20 14:52:05.338 | INFO     | app.middleware.logging_middleware:dispatch:59 - request_completed
2026-06-20 14:52:05.352 | INFO     | app.middleware.logging_middleware:dispatch:59 - request_completed
2026-06-20 14:52:05.367 | INFO     | app.middleware.logging_middleware:dispatch:59 - request_completed
2026-06-20 14:52:05.524 | INFO     | app.middleware.logging_middleware:dispatch:59 - request_completed
2026-06-20 14:52:05.536 | INFO     | app.middleware.logging_middleware:dispatch:59 - request_completed
2026-06-20 14:52:05.545 | INFO     | app.middleware.logging_middleware:dispatch:59 - request_completed
2026-06-20 14:52:05.693 | INFO     | app.middleware.logging_middleware:dispatch:59 - request_completed
2026-06-20 14:52:05.706 | INFO     | app.middleware.logging_middleware:dispatch:59 - request_completed
2026-06-20 14:52:05.722 | INFO     | app.middleware.logging_middleware:dispatch:59 - request_completed
2026-06-20 14:52:05.872 | INFO     | app.middleware.logging_middleware:dispatch:59 - request_completed
2026-06-20 14:52:05.893 | INFO     | app.middleware.logging_middleware:dispatch:59 - request_completed
2026-06-20 14:52:05.908 | INFO     | app.middleware.logging_middleware:dispatch:59 - request_completed
2026-06-20 14:52:06.040 | INFO     | app.middleware.logging_middleware:dispatch:59 - request_completed
2026-06-20 14:52:06.051 | INFO     | app.middleware.logging_middleware:dispatch:59 - request_completed
2026-06-20 14:52:06.061 | INFO     | app.middleware.logging_middleware:dispatch:59 - request_completed
2026-06-20 14:52:06.210 | INFO     | app.middleware.logging_middleware:dispatch:59 - request_completed
2026-06-20 14:52:06.264 | INFO     | app.middleware.logging_middleware:dispatch:59 - request_completed
2026-06-20 14:52:06.275 | INFO     | app.middleware.logging_middleware:dispatch:59 - request_completed
2026-06-20 14:52:06.387 | INFO     | app.middleware.logging_middleware:dispatch:59 - request_completed
2026-06-20 14:52:06.397 | INFO     | app.middleware.logging_middleware:dispatch:59 - request_completed
2026-06-20 14:52:06.411 | INFO     | app.middleware.logging_middleware:dispatch:59 - request_completed
2026-06-20 14:52:06.557 | INFO     | app.middleware.logging_middleware:dispatch:59 - request_completed
2026-06-20 14:52:06.567 | INFO     | app.middleware.logging_middleware:dispatch:59 - request_completed
2026-06-20 14:52:06.582 | INFO     | app.middleware.logging_middleware:dispatch:59 - request_completed
2026-06-20 14:52:06.743 | INFO     | app.middleware.logging_middleware:dispatch:59 - request_completed
2026-06-20 14:52:06.758 | INFO     | app.middleware.logging_middleware:dispatch:59 - request_completed
2026-06-20 14:52:06.769 | INFO     | app.middleware.logging_middleware:dispatch:59 - request_completed
2026-06-20 14:52:06.976 | INFO     | app.middleware.logging_middleware:dispatch:59 - request_completed
2026-06-20 14:52:06.988 | INFO     | app.middleware.logging_middleware:dispatch:59 - request_completed
2026-06-20 14:52:06.999 | INFO     | app.middleware.logging_middleware:dispatch:59 - request_completed
2026-06-20 14:52:08.859 | INFO     | app.middleware.logging_middleware:dispatch:59 - request_completed
2026-06-20 14:52:09.776 | INFO     | app.middleware.logging_middleware:dispatch:59 - request_completed
2026-06-20 14:52:11.152 | INFO     | app.middleware.logging_middleware:dispatch:59 - request_completed
2026-06-20 14:52:11.163 | INFO     | app.middleware.logging_middleware:dispatch:59 - request_completed
2026-06-20 14:52:11.174 | INFO     | app.middleware.logging_middleware:dispatch:59 - request_completed
2026-06-20 14:52:11.185 | INFO     | app.middleware.logging_middleware:dispatch:59 - request_completed
2026-06-20 14:52:11.636 | INFO     | app.middleware.logging_middleware:dispatch:59 - request_completed
2026-06-20 14:52:11.648 | INFO     | app.middleware.logging_middleware:dispatch:59 - request_completed
2026-06-20 14:52:11.660 | INFO     | app.middleware.logging_middleware:dispatch:59 - request_completed
2026-06-20 14:52:11.669 | INFO     | app.middleware.logging_middleware:dispatch:59 - request_completed
2026-06-20 14:52:12.151 | INFO     | app.middleware.logging_middleware:dispatch:59 - request_completed
2026-06-20 14:52:12.163 | INFO     | app.middleware.logging_middleware:dispatch:59 - request_completed
2026-06-20 14:52:12.173 | INFO     | app.middleware.logging_middleware:dispatch:59 - request_completed
2026-06-20 14:52:12.183 | INFO     | app.middleware.logging_middleware:dispatch:59 - request_completed
2026-06-20 14:52:13.682 | INFO     | app.middleware.logging_middleware:dispatch:59 - request_completed
2026-06-20 14:52:13.694 | INFO     | app.middleware.logging_middleware:dispatch:59 - request_completed
2026-06-20 14:52:13.708 | INFO     | app.middleware.logging_middleware:dispatch:59 - request_completed
2026-06-20 14:52:18.921 | INFO     | main:lifespan:112 - MongoDB connection closed
2026-06-20 14:59:13.932 | INFO     | main:lifespan:74 - MongoDB connected successfully
2026-06-20 14:59:18.673 | INFO     | main:lifespan:98 - RealtimeStockoutPredictor initialized successfully, model_version=unknown
2026-06-20 14:59:23.813 | INFO     | app.db.indexes:create_all_indexes:214 - All MongoDB indexes created successfully
2026-06-20 14:59:23.884 | INFO     | main:lifespan:107 - MongoDB indexes initialized successfully
2026-06-20 14:59:23.920 | INFO     | app.middleware.logging_middleware:dispatch:59 - request_completed
2026-06-20 14:59:23.929 | INFO     | app.middleware.logging_middleware:dispatch:59 - request_completed
2026-06-20 14:59:23.931 | INFO     | app.middleware.logging_middleware:dispatch:59 - request_completed
2026-06-20 14:59:23.935 | INFO     | app.middleware.logging_middleware:dispatch:59 - request_completed
2026-06-20 14:59:23.938 | INFO     | app.middleware.logging_middleware:dispatch:59 - request_completed
2026-06-20 14:59:23.941 | INFO     | app.middleware.logging_middleware:dispatch:59 - request_completed
2026-06-20 14:59:23.951 | INFO     | app.middleware.logging_middleware:dispatch:59 - request_completed
2026-06-20 14:59:23.962 | INFO     | app.middleware.logging_middleware:dispatch:59 - request_completed
2026-06-20 14:59:23.963 | INFO     | app.middleware.logging_middleware:dispatch:59 - request_completed
2026-06-20 14:59:23.964 | INFO     | app.middleware.logging_middleware:dispatch:59 - request_completed
2026-06-20 14:59:23.970 | INFO     | app.middleware.logging_middleware:dispatch:59 - request_completed
2026-06-20 14:59:23.978 | INFO     | app.middleware.logging_middleware:dispatch:59 - request_completed
2026-06-20 14:59:23.983 | INFO     | app.middleware.logging_middleware:dispatch:59 - request_completed
2026-06-20 14:59:23.994 | INFO     | app.middleware.logging_middleware:dispatch:59 - request_completed
2026-06-20 15:01:15.022 | INFO     | main:lifespan:112 - MongoDB connection closed
2026-06-20 15:01:22.291 | INFO     | main:lifespan:74 - MongoDB connected successfully
2026-06-20 15:01:29.162 | INFO     | main:lifespan:98 - RealtimeStockoutPredictor initialized successfully, model_version=unknown
2026-06-20 15:01:34.171 | INFO     | app.db.indexes:create_all_indexes:214 - All MongoDB indexes created successfully
2026-06-20 15:01:34.373 | INFO     | main:lifespan:107 - MongoDB indexes initialized successfully
2026-06-20 15:01:34.424 | INFO     | app.middleware.logging_middleware:dispatch:59 - request_completed
2026-06-20 15:01:45.357 | INFO     | app.middleware.logging_middleware:dispatch:59 - request_completed
2026-06-20 15:01:45.365 | INFO     | app.middleware.logging_middleware:dispatch:59 - request_completed
2026-06-20 15:01:45.371 | INFO     | app.middleware.logging_middleware:dispatch:59 - request_completed
2026-06-20 15:01:46.372 | INFO     | app.middleware.logging_middleware:dispatch:59 - request_completed
2026-06-20 15:01:46.381 | INFO     | app.middleware.logging_middleware:dispatch:59 - request_completed
2026-06-20 15:01:46.383 | INFO     | app.middleware.logging_middleware:dispatch:59 - request_completed
2026-06-20 15:01:47.404 | INFO     | app.middleware.logging_middleware:dispatch:59 - request_completed
2026-06-20 15:01:47.410 | INFO     | app.middleware.logging_middleware:dispatch:59 - request_completed
2026-06-20 15:01:47.417 | INFO     | app.middleware.logging_middleware:dispatch:59 - request_completed
2026-06-20 15:01:48.321 | INFO     | app.middleware.logging_middleware:dispatch:59 - request_completed
2026-06-20 15:01:50.066 | INFO     | app.middleware.logging_middleware:dispatch:59 - request_completed
2026-06-20 15:01:50.874 | INFO     | app.middleware.logging_middleware:dispatch:59 - request_completed
2026-06-20 15:01:50.890 | INFO     | app.middleware.logging_middleware:dispatch:59 - request_completed
2026-06-20 15:01:50.897 | INFO     | app.middleware.logging_middleware:dispatch:59 - request_completed
2026-06-20 15:01:50.958 | INFO     | app.middleware.logging_middleware:dispatch:59 - request_completed
2026-06-20 15:01:51.556 | INFO     | app.middleware.logging_middleware:dispatch:59 - request_completed
2026-06-20 15:01:51.702 | INFO     | app.middleware.logging_middleware:dispatch:59 - request_completed
2026-06-20 15:01:51.703 | INFO     | app.middleware.logging_middleware:dispatch:59 - request_completed
2026-06-20 15:01:51.754 | INFO     | app.middleware.logging_middleware:dispatch:59 - request_completed
2026-06-20 15:01:51.829 | INFO     | app.middleware.logging_middleware:dispatch:59 - request_completed
2026-06-20 15:01:51.832 | INFO     | app.middleware.logging_middleware:dispatch:59 - request_completed
2026-06-20 15:01:51.861 | INFO     | app.middleware.logging_middleware:dispatch:59 - request_completed
2026-06-20 15:01:51.908 | INFO     | app.middleware.logging_middleware:dispatch:59 - request_completed
2026-06-20 15:01:51.955 | INFO     | app.middleware.logging_middleware:dispatch:59 - request_completed
2026-06-20 15:01:55.769 | INFO     | app.middleware.logging_middleware:dispatch:59 - request_completed
2026-06-20 15:01:55.784 | INFO     | app.middleware.logging_middleware:dispatch:59 - request_completed
2026-06-20 15:01:57.517 | INFO     | app.middleware.logging_middleware:dispatch:59 - request_completed
2026-06-20 15:01:57.530 | INFO     | app.middleware.logging_middleware:dispatch:59 - request_completed
2026-06-20 15:01:58.708 | INFO     | app.middleware.logging_middleware:dispatch:59 - request_completed
2026-06-20 15:01:58.709 | INFO     | app.middleware.logging_middleware:dispatch:59 - request_completed
2026-06-20 15:20:30.135 | INFO     | app.middleware.logging_middleware:dispatch:59 - request_completed
2026-06-20 15:36:37.076 | INFO     | app.middleware.logging_middleware:dispatch:59 - request_completed
2026-06-20 15:36:37.572 | INFO     | app.middleware.logging_middleware:dispatch:59 - request_completed
2026-06-20 15:36:37.611 | INFO     | app.middleware.logging_middleware:dispatch:59 - request_completed
2026-06-20 15:36:41.296 | INFO     | app.middleware.logging_middleware:dispatch:59 - request_completed
2026-06-20 15:36:41.301 | INFO     | app.middleware.logging_middleware:dispatch:59 - request_completed
2026-06-20 15:36:41.301 | INFO     | app.middleware.logging_middleware:dispatch:59 - request_completed
2026-06-20 15:36:41.307 | INFO     | app.middleware.logging_middleware:dispatch:59 - request_completed
2026-06-20 15:36:41.318 | INFO     | app.middleware.logging_middleware:dispatch:59 - request_completed
2026-06-20 15:36:41.324 | INFO     | app.middleware.logging_middleware:dispatch:59 - request_completed
2026-06-20 15:36:41.353 | INFO     | app.middleware.logging_middleware:dispatch:59 - request_completed
2026-06-20 15:36:41.580 | INFO     | app.middleware.logging_middleware:dispatch:59 - request_completed
2026-06-20 15:36:41.606 | INFO     | app.middleware.logging_middleware:dispatch:59 - request_completed
2026-06-20 15:36:43.008 | INFO     | app.middleware.logging_middleware:dispatch:59 - request_completed
2026-06-20 15:36:43.009 | INFO     | app.middleware.logging_middleware:dispatch:59 - request_completed
2026-06-20 15:36:43.016 | INFO     | app.middleware.logging_middleware:dispatch:59 - request_completed
2026-06-20 15:36:43.233 | INFO     | app.middleware.logging_middleware:dispatch:59 - request_completed
2026-06-20 15:36:44.038 | INFO     | app.middleware.logging_middleware:dispatch:59 - request_completed
2026-06-20 15:36:45.995 | INFO     | app.middleware.logging_middleware:dispatch:59 - request_completed
2026-06-20 15:36:46.030 | INFO     | app.middleware.logging_middleware:dispatch:59 - request_completed
2026-06-20 15:37:01.482 | INFO     | app.middleware.logging_middleware:dispatch:59 - request_completed
2026-06-20 15:37:01.515 | INFO     | app.middleware.logging_middleware:dispatch:59 - request_completed
2026-06-20 15:37:03.135 | INFO     | app.middleware.logging_middleware:dispatch:59 - request_completed
2026-06-20 15:37:03.138 | INFO     | app.middleware.logging_middleware:dispatch:59 - request_completed
2026-06-20 15:37:04.315 | INFO     | app.middleware.logging_middleware:dispatch:59 - request_completed
2026-06-20 15:37:04.318 | INFO     | app.middleware.logging_middleware:dispatch:59 - request_completed
2026-06-20 15:37:04.321 | INFO     | app.middleware.logging_middleware:dispatch:59 - request_completed
2026-06-20 15:37:05.145 | INFO     | app.middleware.logging_middleware:dispatch:59 - request_completed
2026-06-20 15:37:05.148 | INFO     | app.middleware.logging_middleware:dispatch:59 - request_completed
2026-06-20 15:37:05.149 | INFO     | app.middleware.logging_middleware:dispatch:59 - request_completed
2026-06-20 15:37:05.924 | INFO     | app.middleware.logging_middleware:dispatch:59 - request_completed
2026-06-20 15:37:06.541 | INFO     | app.middleware.logging_middleware:dispatch:59 - request_completed
2026-06-20 15:37:06.583 | INFO     | app.middleware.logging_middleware:dispatch:59 - request_completed
2026-06-20 15:37:07.945 | INFO     | app.middleware.logging_middleware:dispatch:59 - request_completed
2026-06-20 15:37:13.987 | INFO     | app.middleware.logging_middleware:dispatch:59 - request_completed
2026-06-20 15:37:14.051 | INFO     | app.middleware.logging_middleware:dispatch:59 - request_completed
2026-06-20 15:37:14.086 | INFO     | app.middleware.logging_middleware:dispatch:59 - request_completed
2026-06-20 15:37:15.527 | INFO     | app.middleware.logging_middleware:dispatch:59 - request_completed
2026-06-20 15:37:15.584 | INFO     | app.middleware.logging_middleware:dispatch:59 - request_completed
2026-06-20 15:37:15.586 | INFO     | app.middleware.logging_middleware:dispatch:59 - request_completed
2026-06-20 15:37:17.407 | INFO     | app.middleware.logging_middleware:dispatch:59 - request_completed
2026-06-20 15:37:18.333 | INFO     | app.middleware.logging_middleware:dispatch:59 - request_completed
2026-06-20 15:37:19.277 | INFO     | app.middleware.logging_middleware:dispatch:59 - request_completed
2026-06-20 15:37:19.278 | INFO     | app.middleware.logging_middleware:dispatch:59 - request_completed
2026-06-20 15:37:19.279 | INFO     | app.middleware.logging_middleware:dispatch:59 - request_completed
2026-06-20 15:37:19.306 | INFO     | app.middleware.logging_middleware:dispatch:59 - request_completed
2026-06-20 15:37:21.423 | INFO     | app.middleware.logging_middleware:dispatch:59 - request_completed
2026-06-20 15:37:21.429 | INFO     | app.middleware.logging_middleware:dispatch:59 - request_completed
2026-06-20 15:37:21.429 | INFO     | app.middleware.logging_middleware:dispatch:59 - request_completed
2026-06-20 15:37:21.452 | INFO     | app.middleware.logging_middleware:dispatch:59 - request_completed
2026-06-20 15:37:22.234 | INFO     | app.middleware.logging_middleware:dispatch:59 - request_completed
2026-06-20 15:37:22.261 | INFO     | app.middleware.logging_middleware:dispatch:59 - request_completed
2026-06-20 15:37:24.632 | INFO     | app.middleware.logging_middleware:dispatch:59 - request_completed
2026-06-20 15:37:27.472 | INFO     | app.middleware.logging_middleware:dispatch:59 - request_completed
2026-06-20 15:37:27.754 | INFO     | app.middleware.logging_middleware:dispatch:59 - request_completed
2026-06-20 15:37:29.205 | INFO     | app.middleware.logging_middleware:dispatch:59 - request_completed
2026-06-20 15:37:29.209 | INFO     | app.middleware.logging_middleware:dispatch:59 - request_completed
2026-06-20 15:37:30.044 | INFO     | app.middleware.logging_middleware:dispatch:59 - request_completed
2026-06-20 15:37:30.086 | INFO     | app.middleware.logging_middleware:dispatch:59 - request_completed
2026-06-20 15:37:31.470 | INFO     | app.middleware.logging_middleware:dispatch:59 - request_completed
2026-06-20 15:37:31.473 | INFO     | app.middleware.logging_middleware:dispatch:59 - request_completed
2026-06-20 15:37:31.477 | INFO     | app.middleware.logging_middleware:dispatch:59 - request_completed
2026-06-20 15:37:32.556 | INFO     | app.middleware.logging_middleware:dispatch:59 - request_completed
2026-06-20 15:37:33.232 | INFO     | app.middleware.logging_middleware:dispatch:59 - request_completed
2026-06-20 15:37:33.297 | INFO     | app.middleware.logging_middleware:dispatch:59 - request_completed
2026-06-20 15:37:33.326 | INFO     | app.middleware.logging_middleware:dispatch:59 - request_completed
2026-06-20 15:37:34.425 | INFO     | app.middleware.logging_middleware:dispatch:59 - request_completed
2026-06-20 15:37:40.465 | INFO     | app.middleware.logging_middleware:dispatch:59 - request_completed
2026-06-20 15:37:40.524 | INFO     | app.middleware.logging_middleware:dispatch:59 - request_completed
2026-06-20 15:37:40.561 | INFO     | app.middleware.logging_middleware:dispatch:59 - request_completed
2026-06-20 15:37:41.457 | INFO     | app.middleware.logging_middleware:dispatch:59 - request_completed
2026-06-20 15:37:41.461 | INFO     | app.middleware.logging_middleware:dispatch:59 - request_completed
2026-06-20 15:37:41.496 | INFO     | app.middleware.logging_middleware:dispatch:59 - request_completed
2026-06-20 15:37:42.450 | INFO     | app.middleware.logging_middleware:dispatch:59 - request_completed
2026-06-20 15:37:43.353 | INFO     | app.middleware.logging_middleware:dispatch:59 - request_completed
2026-06-20 15:37:44.120 | INFO     | app.middleware.logging_middleware:dispatch:59 - request_completed
2026-06-20 15:37:44.121 | INFO     | app.middleware.logging_middleware:dispatch:59 - request_completed
2026-06-20 15:37:44.126 | INFO     | app.middleware.logging_middleware:dispatch:59 - request_completed
2026-06-20 15:37:44.148 | INFO     | app.middleware.logging_middleware:dispatch:59 - request_completed
2026-06-20 15:37:45.144 | INFO     | app.middleware.logging_middleware:dispatch:59 - request_completed
2026-06-20 15:37:45.180 | INFO     | app.middleware.logging_middleware:dispatch:59 - request_completed
2026-06-20 15:37:47.093 | INFO     | app.middleware.logging_middleware:dispatch:59 - request_completed
2026-06-20 15:37:47.095 | INFO     | app.middleware.logging_middleware:dispatch:59 - request_completed
2026-06-20 15:37:47.096 | INFO     | app.middleware.logging_middleware:dispatch:59 - request_completed
2026-06-20 15:37:47.099 | INFO     | app.middleware.logging_middleware:dispatch:59 - request_completed
2026-06-20 15:37:47.114 | INFO     | app.middleware.logging_middleware:dispatch:59 - request_completed
2026-06-20 15:37:47.117 | INFO     | app.middleware.logging_middleware:dispatch:59 - request_completed
2026-06-20 15:37:47.157 | INFO     | app.middleware.logging_middleware:dispatch:59 - request_completed
2026-06-20 15:37:47.187 | INFO     | app.middleware.logging_middleware:dispatch:59 - request_completed
2026-06-20 15:37:47.199 | INFO     | app.middleware.logging_middleware:dispatch:59 - request_completed
2026-06-20 15:43:29.063 | INFO     | app.middleware.logging_middleware:dispatch:59 - request_completed
2026-06-20 15:43:30.217 | INFO     | app.middleware.logging_middleware:dispatch:59 - request_completed
2026-06-20 15:43:35.388 | INFO     | main:lifespan:112 - MongoDB connection closed
2026-06-20 15:43:42.595 | INFO     | main:lifespan:74 - MongoDB connected successfully
2026-06-20 15:43:49.661 | INFO     | main:lifespan:98 - RealtimeStockoutPredictor initialized successfully, model_version=unknown
2026-06-20 15:43:52.346 | INFO     | app.db.indexes:create_all_indexes:214 - All MongoDB indexes created successfully
2026-06-20 15:43:52.408 | INFO     | main:lifespan:107 - MongoDB indexes initialized successfully
2026-06-20 15:43:56.412 | INFO     | main:lifespan:74 - MongoDB connected successfully
2026-06-20 15:43:58.697 | INFO     | main:lifespan:98 - RealtimeStockoutPredictor initialized successfully, model_version=unknown
2026-06-20 15:44:01.604 | INFO     | app.db.indexes:create_all_indexes:214 - All MongoDB indexes created successfully
2026-06-20 15:44:01.670 | INFO     | main:lifespan:107 - MongoDB indexes initialized successfully
2026-06-20 15:44:01.765 | INFO     | app.middleware.logging_middleware:dispatch:59 - request_completed
2026-06-20 15:44:01.815 | INFO     | app.middleware.logging_middleware:dispatch:59 - request_completed
2026-06-20 15:44:01.996 | INFO     | app.middleware.logging_middleware:dispatch:59 - request_completed
2026-06-20 15:45:17.307 | INFO     | app.middleware.logging_middleware:dispatch:59 - request_completed
2026-06-20 15:45:17.594 | INFO     | app.middleware.logging_middleware:dispatch:59 - request_completed
2026-06-20 15:45:22.751 | INFO     | main:lifespan:112 - MongoDB connection closed
2026-06-20 15:45:28.163 | INFO     | main:lifespan:74 - MongoDB connected successfully
2026-06-20 15:45:31.875 | INFO     | main:lifespan:98 - RealtimeStockoutPredictor initialized successfully, model_version=unknown
2026-06-20 15:45:34.687 | INFO     | app.db.indexes:create_all_indexes:214 - All MongoDB indexes created successfully
2026-06-20 15:45:34.750 | INFO     | main:lifespan:107 - MongoDB indexes initialized successfully
2026-06-20 15:45:34.837 | INFO     | app.middleware.logging_middleware:dispatch:59 - request_completed
2026-06-20 15:45:34.876 | INFO     | app.middleware.logging_middleware:dispatch:59 - request_completed
2026-06-20 15:45:35.000 | INFO     | app.middleware.logging_middleware:dispatch:59 - request_completed
2026-06-20 15:46:13.942 | INFO     | app.middleware.logging_middleware:dispatch:59 - request_completed
2026-06-20 15:46:13.994 | INFO     | app.middleware.logging_middleware:dispatch:59 - request_completed
2026-06-20 15:46:14.008 | INFO     | app.middleware.logging_middleware:dispatch:59 - request_completed
2026-06-20 15:46:14.119 | INFO     | app.middleware.logging_middleware:dispatch:59 - request_completed
2026-06-20 15:46:14.128 | INFO     | app.middleware.logging_middleware:dispatch:59 - request_completed
2026-06-20 15:46:14.133 | INFO     | app.middleware.logging_middleware:dispatch:59 - request_completed
2026-06-20 15:46:14.154 | INFO     | app.middleware.logging_middleware:dispatch:59 - request_completed
2026-06-20 15:46:14.199 | INFO     | app.middleware.logging_middleware:dispatch:59 - request_completed
2026-06-20 15:46:14.289 | INFO     | app.middleware.logging_middleware:dispatch:59 - request_completed
2026-06-20 15:46:14.310 | INFO     | app.middleware.logging_middleware:dispatch:59 - request_completed
2026-06-20 15:46:14.351 | INFO     | app.middleware.logging_middleware:dispatch:59 - request_completed
2026-06-20 15:46:14.807 | INFO     | app.middleware.logging_middleware:dispatch:59 - request_completed
2026-06-20 15:46:14.855 | INFO     | app.middleware.logging_middleware:dispatch:59 - request_completed
2026-06-20 15:46:14.879 | INFO     | app.middleware.logging_middleware:dispatch:59 - request_completed
2026-06-20 15:46:14.970 | INFO     | app.middleware.logging_middleware:dispatch:59 - request_completed
2026-06-20 15:46:14.972 | INFO     | app.middleware.logging_middleware:dispatch:59 - request_completed
2026-06-20 15:46:14.973 | INFO     | app.middleware.logging_middleware:dispatch:59 - request_completed
2026-06-20 15:46:14.979 | INFO     | app.middleware.logging_middleware:dispatch:59 - request_completed
2026-06-20 15:46:14.993 | INFO     | app.middleware.logging_middleware:dispatch:59 - request_completed
2026-06-20 15:46:15.029 | INFO     | app.middleware.logging_middleware:dispatch:59 - request_completed
2026-06-20 15:46:15.167 | INFO     | app.middleware.logging_middleware:dispatch:59 - request_completed
2026-06-20 15:46:15.279 | INFO     | app.middleware.logging_middleware:dispatch:59 - request_completed
2026-06-20 15:47:28.693 | INFO     | app.middleware.logging_middleware:dispatch:59 - request_completed
2026-06-20 15:47:28.704 | INFO     | app.middleware.logging_middleware:dispatch:59 - request_completed
2026-06-20 15:47:28.727 | INFO     | app.middleware.logging_middleware:dispatch:59 - request_completed
2026-06-20 15:47:28.751 | INFO     | app.middleware.logging_middleware:dispatch:59 - request_completed
2026-06-20 15:47:28.805 | INFO     | app.middleware.logging_middleware:dispatch:59 - request_completed
2026-06-20 15:47:28.808 | INFO     | app.middleware.logging_middleware:dispatch:59 - request_completed
2026-06-20 15:47:28.815 | INFO     | app.middleware.logging_middleware:dispatch:59 - request_completed
2026-06-20 15:47:28.818 | INFO     | app.middleware.logging_middleware:dispatch:59 - request_completed
2026-06-20 15:47:28.819 | INFO     | app.middleware.logging_middleware:dispatch:59 - request_completed
2026-06-20 15:47:28.860 | INFO     | app.middleware.logging_middleware:dispatch:59 - request_completed
2026-06-20 15:47:28.922 | INFO     | app.middleware.logging_middleware:dispatch:59 - request_completed
2026-06-20 15:47:54.002 | INFO     | app.middleware.logging_middleware:dispatch:59 - request_completed
2026-06-20 15:47:54.013 | INFO     | app.middleware.logging_middleware:dispatch:59 - request_completed
2026-06-20 15:47:54.037 | INFO     | app.middleware.logging_middleware:dispatch:59 - request_completed
2026-06-20 15:47:54.122 | INFO     | app.middleware.logging_middleware:dispatch:59 - request_completed
2026-06-20 15:47:54.130 | INFO     | app.middleware.logging_middleware:dispatch:59 - request_completed
2026-06-20 15:47:54.154 | INFO     | app.middleware.logging_middleware:dispatch:59 - request_completed
2026-06-20 15:47:54.160 | INFO     | app.middleware.logging_middleware:dispatch:59 - request_completed
2026-06-20 15:47:54.166 | INFO     | app.middleware.logging_middleware:dispatch:59 - request_completed
2026-06-20 15:47:54.167 | INFO     | app.middleware.logging_middleware:dispatch:59 - request_completed
2026-06-20 15:47:54.245 | INFO     | app.middleware.logging_middleware:dispatch:59 - request_completed
2026-06-20 15:47:54.281 | INFO     | app.middleware.logging_middleware:dispatch:59 - request_completed
2026-06-20 15:47:58.784 | INFO     | app.middleware.logging_middleware:dispatch:59 - request_completed
2026-06-20 15:47:58.794 | INFO     | app.middleware.logging_middleware:dispatch:59 - request_completed
2026-06-20 15:47:58.828 | INFO     | app.middleware.logging_middleware:dispatch:59 - request_completed
2026-06-20 15:47:58.892 | INFO     | app.middleware.logging_middleware:dispatch:59 - request_completed
2026-06-20 15:47:58.902 | INFO     | app.middleware.logging_middleware:dispatch:59 - request_completed
2026-06-20 15:47:58.917 | INFO     | app.middleware.logging_middleware:dispatch:59 - request_completed
2026-06-20 15:47:58.919 | INFO     | app.middleware.logging_middleware:dispatch:59 - request_completed
2026-06-20 15:47:58.923 | INFO     | app.middleware.logging_middleware:dispatch:59 - request_completed
2026-06-20 15:47:58.929 | INFO     | app.middleware.logging_middleware:dispatch:59 - request_completed
2026-06-20 15:47:58.977 | INFO     | app.middleware.logging_middleware:dispatch:59 - request_completed
2026-06-20 15:47:59.015 | INFO     | app.middleware.logging_middleware:dispatch:59 - request_completed
2026-06-20 15:47:59.789 | INFO     | app.middleware.logging_middleware:dispatch:59 - request_completed
2026-06-20 15:47:59.799 | INFO     | app.middleware.logging_middleware:dispatch:59 - request_completed
2026-06-20 15:47:59.824 | INFO     | app.middleware.logging_middleware:dispatch:59 - request_completed
2026-06-20 15:47:59.881 | INFO     | app.middleware.logging_middleware:dispatch:59 - request_completed
2026-06-20 15:47:59.889 | INFO     | app.middleware.logging_middleware:dispatch:59 - request_completed
2026-06-20 15:47:59.897 | INFO     | app.middleware.logging_middleware:dispatch:59 - request_completed
2026-06-20 15:47:59.917 | INFO     | app.middleware.logging_middleware:dispatch:59 - request_completed
2026-06-20 15:47:59.920 | INFO     | app.middleware.logging_middleware:dispatch:59 - request_completed
2026-06-20 15:47:59.927 | INFO     | app.middleware.logging_middleware:dispatch:59 - request_completed
2026-06-20 15:47:59.945 | INFO     | app.middleware.logging_middleware:dispatch:59 - request_completed
2026-06-20 15:48:00.021 | INFO     | app.middleware.logging_middleware:dispatch:59 - request_completed
2026-06-20 15:48:01.219 | INFO     | app.middleware.logging_middleware:dispatch:59 - request_completed
2026-06-20 15:48:01.233 | INFO     | app.middleware.logging_middleware:dispatch:59 - request_completed
2026-06-20 15:48:01.272 | INFO     | app.middleware.logging_middleware:dispatch:59 - request_completed
2026-06-20 15:48:01.340 | INFO     | app.middleware.logging_middleware:dispatch:59 - request_completed
2026-06-20 15:48:01.343 | INFO     | app.middleware.logging_middleware:dispatch:59 - request_completed
2026-06-20 15:48:01.355 | INFO     | app.middleware.logging_middleware:dispatch:59 - request_completed
2026-06-20 15:48:01.378 | INFO     | app.middleware.logging_middleware:dispatch:59 - request_completed
2026-06-20 15:48:01.384 | INFO     | app.middleware.logging_middleware:dispatch:59 - request_completed
2026-06-20 15:48:01.390 | INFO     | app.middleware.logging_middleware:dispatch:59 - request_completed
2026-06-20 15:48:01.411 | INFO     | app.middleware.logging_middleware:dispatch:59 - request_completed
2026-06-20 15:48:01.498 | INFO     | app.middleware.logging_middleware:dispatch:59 - request_completed
2026-06-20 15:48:02.594 | INFO     | app.middleware.logging_middleware:dispatch:59 - request_completed
2026-06-20 15:48:02.608 | INFO     | app.middleware.logging_middleware:dispatch:59 - request_completed
2026-06-20 15:48:02.630 | INFO     | app.middleware.logging_middleware:dispatch:59 - request_completed
2026-06-20 15:48:02.707 | INFO     | app.middleware.logging_middleware:dispatch:59 - request_completed
2026-06-20 15:48:02.708 | INFO     | app.middleware.logging_middleware:dispatch:59 - request_completed
2026-06-20 15:48:02.727 | INFO     | app.middleware.logging_middleware:dispatch:59 - request_completed
2026-06-20 15:48:02.729 | INFO     | app.middleware.logging_middleware:dispatch:59 - request_completed
2026-06-20 15:48:02.739 | INFO     | app.middleware.logging_middleware:dispatch:59 - request_completed
2026-06-20 15:48:02.752 | INFO     | app.middleware.logging_middleware:dispatch:59 - request_completed
2026-06-20 15:48:02.812 | INFO     | app.middleware.logging_middleware:dispatch:59 - request_completed
2026-06-20 15:48:02.847 | INFO     | app.middleware.logging_middleware:dispatch:59 - request_completed
2026-06-20 15:48:07.131 | INFO     | app.middleware.logging_middleware:dispatch:59 - request_completed
2026-06-20 15:48:07.134 | INFO     | app.middleware.logging_middleware:dispatch:59 - request_completed
2026-06-20 15:48:07.139 | INFO     | app.middleware.logging_middleware:dispatch:59 - request_completed
2026-06-20 15:48:07.168 | INFO     | app.middleware.logging_middleware:dispatch:59 - request_completed
2026-06-20 15:48:10.101 | INFO     | app.middleware.logging_middleware:dispatch:59 - request_completed
2026-06-20 15:48:12.639 | INFO     | app.middleware.logging_middleware:dispatch:59 - request_completed
2026-06-20 15:48:16.377 | INFO     | app.middleware.logging_middleware:dispatch:59 - request_completed
2026-06-20 15:48:16.383 | INFO     | app.middleware.logging_middleware:dispatch:59 - request_completed
2026-06-20 15:48:16.419 | INFO     | app.middleware.logging_middleware:dispatch:59 - request_completed
2026-06-20 15:48:18.893 | INFO     | app.middleware.logging_middleware:dispatch:59 - request_completed
2026-06-20 15:48:18.948 | INFO     | app.middleware.logging_middleware:dispatch:59 - request_completed
2026-06-20 15:48:18.983 | INFO     | app.middleware.logging_middleware:dispatch:59 - request_completed
2026-06-20 15:48:22.848 | INFO     | app.middleware.logging_middleware:dispatch:59 - request_completed
2026-06-20 15:48:22.851 | INFO     | app.middleware.logging_middleware:dispatch:59 - request_completed
2026-06-20 15:48:22.934 | INFO     | app.middleware.logging_middleware:dispatch:59 - request_completed
2026-06-20 15:48:23.011 | INFO     | app.middleware.logging_middleware:dispatch:59 - request_completed
2026-06-20 15:48:35.999 | INFO     | app.middleware.logging_middleware:dispatch:59 - request_completed
2026-06-20 15:48:39.307 | INFO     | app.middleware.logging_middleware:dispatch:59 - request_completed
2026-06-20 15:48:39.350 | INFO     | app.middleware.logging_middleware:dispatch:59 - request_completed
2026-06-20 15:48:41.526 | INFO     | app.middleware.logging_middleware:dispatch:59 - request_completed
2026-06-20 15:48:42.434 | INFO     | app.middleware.logging_middleware:dispatch:59 - request_completed
2026-06-20 15:48:42.504 | INFO     | app.middleware.logging_middleware:dispatch:59 - request_completed
2026-06-20 15:48:42.546 | INFO     | app.middleware.logging_middleware:dispatch:59 - request_completed
2026-06-20 15:48:43.826 | INFO     | app.middleware.logging_middleware:dispatch:59 - request_completed
2026-06-20 15:48:46.408 | INFO     | app.middleware.logging_middleware:dispatch:59 - request_completed
2026-06-20 15:48:46.414 | ERROR    | app.core.exception_handler:fallback_exception_handler:112 - Unhandled exception on GET /api/v1/alerts/: 1 validation error for AlertFilter
alert_type
  Input should be 'stockout_risk', 'below_safety', 'expiry' or 'anomaly' [type=literal_error, input_value='critical', input_type=str]
    For further information visit https://errors.pydantic.dev/2.13/v/literal_error
NoneType: None
2026-06-20 15:48:46.792 | INFO     | app.middleware.logging_middleware:dispatch:59 - request_completed
2026-06-20 15:48:46.800 | INFO     | app.middleware.logging_middleware:dispatch:59 - request_completed
2026-06-20 15:48:46.815 | INFO     | app.middleware.logging_middleware:dispatch:59 - request_completed
2026-06-20 15:48:46.876 | INFO     | app.middleware.logging_middleware:dispatch:59 - request_completed
2026-06-20 15:48:46.882 | INFO     | app.middleware.logging_middleware:dispatch:59 - request_completed
2026-06-20 15:48:46.892 | INFO     | app.middleware.logging_middleware:dispatch:59 - request_completed
2026-06-20 15:48:46.893 | INFO     | app.middleware.logging_middleware:dispatch:59 - request_completed
2026-06-20 15:48:46.901 | INFO     | app.middleware.logging_middleware:dispatch:59 - request_completed
2026-06-20 15:48:46.903 | INFO     | app.middleware.logging_middleware:dispatch:59 - request_completed
2026-06-20 15:48:46.932 | INFO     | app.middleware.logging_middleware:dispatch:59 - request_completed
2026-06-20 15:48:46.982 | INFO     | app.middleware.logging_middleware:dispatch:59 - request_completed
2026-06-20 15:48:49.623 | INFO     | app.middleware.logging_middleware:dispatch:59 - request_completed
2026-06-20 15:48:49.663 | INFO     | app.middleware.logging_middleware:dispatch:59 - request_completed
2026-06-20 15:48:50.933 | INFO     | app.middleware.logging_middleware:dispatch:59 - request_completed
2026-06-20 15:48:52.433 | INFO     | app.middleware.logging_middleware:dispatch:59 - request_completed
2026-06-20 15:48:52.434 | ERROR    | app.core.exception_handler:fallback_exception_handler:112 - Unhandled exception on GET /api/v1/alerts/: 1 validation error for AlertFilter
alert_type
  Input should be 'stockout_risk', 'below_safety', 'expiry' or 'anomaly' [type=literal_error, input_value='low_stock', input_type=str]
    For further information visit https://errors.pydantic.dev/2.13/v/literal_error
NoneType: None
2026-06-20 15:48:53.770 | INFO     | app.middleware.logging_middleware:dispatch:59 - request_completed
2026-06-20 15:48:53.772 | ERROR    | app.core.exception_handler:fallback_exception_handler:112 - Unhandled exception on GET /api/v1/alerts/: 1 validation error for AlertFilter
alert_type
  Input should be 'stockout_risk', 'below_safety', 'expiry' or 'anomaly' [type=literal_error, input_value='expiring', input_type=str]
    For further information visit https://errors.pydantic.dev/2.13/v/literal_error
NoneType: None
2026-06-20 15:48:54.662 | INFO     | app.middleware.logging_middleware:dispatch:59 - request_completed
2026-06-20 15:48:54.664 | ERROR    | app.core.exception_handler:fallback_exception_handler:112 - Unhandled exception on GET /api/v1/alerts/: 1 validation error for AlertFilter
alert_type
  Input should be 'stockout_risk', 'below_safety', 'expiry' or 'anomaly' [type=literal_error, input_value='pending_approval', input_type=str]
    For further information visit https://errors.pydantic.dev/2.13/v/literal_error
NoneType: None
2026-06-20 15:48:56.346 | INFO     | app.middleware.logging_middleware:dispatch:59 - request_completed
2026-06-20 15:48:56.347 | ERROR    | app.core.exception_handler:fallback_exception_handler:112 - Unhandled exception on GET /api/v1/alerts/: 1 validation error for AlertFilter
alert_type
  Input should be 'stockout_risk', 'below_safety', 'expiry' or 'anomaly' [type=literal_error, input_value='critical', input_type=str]
    For further information visit https://errors.pydantic.dev/2.13/v/literal_error
NoneType: None
2026-06-20 15:49:04.689 | INFO     | app.middleware.logging_middleware:dispatch:59 - request_completed
2026-06-20 15:49:04.694 | INFO     | app.middleware.logging_middleware:dispatch:59 - request_completed
2026-06-20 15:49:06.705 | INFO     | app.middleware.logging_middleware:dispatch:59 - request_completed
2026-06-20 15:49:06.734 | INFO     | app.middleware.logging_middleware:dispatch:59 - request_completed
2026-06-20 15:49:08.081 | INFO     | app.middleware.logging_middleware:dispatch:59 - request_completed
2026-06-20 15:49:11.927 | INFO     | app.middleware.logging_middleware:dispatch:59 - request_completed
2026-06-20 15:49:11.987 | INFO     | app.middleware.logging_middleware:dispatch:59 - request_completed
2026-06-20 15:51:25.084 | INFO     | app.middleware.logging_middleware:dispatch:59 - request_completed
2026-06-20 15:51:25.094 | INFO     | app.middleware.logging_middleware:dispatch:59 - request_completed
2026-06-20 15:51:25.111 | INFO     | app.middleware.logging_middleware:dispatch:59 - request_completed
2026-06-20 15:51:25.172 | INFO     | app.middleware.logging_middleware:dispatch:59 - request_completed
2026-06-20 15:51:25.179 | INFO     | app.middleware.logging_middleware:dispatch:59 - request_completed
2026-06-20 15:51:25.188 | INFO     | app.middleware.logging_middleware:dispatch:59 - request_completed
2026-06-20 15:51:25.193 | INFO     | app.middleware.logging_middleware:dispatch:59 - request_completed
2026-06-20 15:51:25.197 | INFO     | app.middleware.logging_middleware:dispatch:59 - request_completed
2026-06-20 15:51:25.199 | INFO     | app.middleware.logging_middleware:dispatch:59 - request_completed
2026-06-20 15:51:25.222 | INFO     | app.middleware.logging_middleware:dispatch:59 - request_completed
2026-06-20 15:51:25.293 | INFO     | app.middleware.logging_middleware:dispatch:59 - request_completed
2026-06-20 16:05:07.247 | INFO     | app.middleware.logging_middleware:dispatch:59 - request_completed
2026-06-20 16:05:17.129 | INFO     | app.middleware.logging_middleware:dispatch:59 - request_completed
2026-06-20 16:05:40.016 | INFO     | app.middleware.logging_middleware:dispatch:59 - request_completed
2026-06-20 16:05:55.147 | INFO     | app.middleware.logging_middleware:dispatch:59 - request_completed
2026-06-20 16:11:44.971 | INFO     | app.middleware.logging_middleware:dispatch:59 - request_completed
2026-06-20 16:14:28.823 | INFO     | app.middleware.logging_middleware:dispatch:59 - request_completed
2026-06-20 16:14:28.831 | INFO     | app.middleware.logging_middleware:dispatch:59 - request_completed
2026-06-20 16:14:28.978 | INFO     | app.middleware.logging_middleware:dispatch:59 - request_completed
2026-06-20 16:14:30.689 | INFO     | app.middleware.logging_middleware:dispatch:59 - request_completed
2026-06-20 16:14:30.749 | INFO     | app.middleware.logging_middleware:dispatch:59 - request_completed
2026-06-20 16:14:30.757 | INFO     | app.middleware.logging_middleware:dispatch:59 - request_completed
2026-06-20 16:14:32.393 | INFO     | app.middleware.logging_middleware:dispatch:59 - request_completed
2026-06-20 16:14:32.453 | INFO     | app.middleware.logging_middleware:dispatch:59 - request_completed
2026-06-20 16:14:32.491 | INFO     | app.middleware.logging_middleware:dispatch:59 - request_completed
2026-06-20 16:14:33.768 | INFO     | app.middleware.logging_middleware:dispatch:59 - request_completed
2026-06-20 16:14:33.822 | INFO     | app.middleware.logging_middleware:dispatch:59 - request_completed
2026-06-20 16:14:35.875 | INFO     | app.middleware.logging_middleware:dispatch:59 - request_completed
2026-06-20 16:14:35.972 | INFO     | app.middleware.logging_middleware:dispatch:59 - request_completed
2026-06-20 16:14:36.020 | INFO     | app.middleware.logging_middleware:dispatch:59 - request_completed
2026-06-20 16:14:37.318 | INFO     | app.middleware.logging_middleware:dispatch:59 - request_completed
2026-06-20 16:14:46.613 | INFO     | app.middleware.logging_middleware:dispatch:59 - request_completed
2026-06-20 16:14:46.683 | INFO     | app.middleware.logging_middleware:dispatch:59 - request_completed
2026-06-20 16:14:46.703 | INFO     | app.middleware.logging_middleware:dispatch:59 - request_completed
2026-06-20 16:14:46.709 | INFO     | app.middleware.logging_middleware:dispatch:59 - request_completed
2026-06-20 16:14:46.748 | INFO     | app.middleware.logging_middleware:dispatch:59 - request_completed
2026-06-20 16:14:46.767 | INFO     | app.middleware.logging_middleware:dispatch:59 - request_completed
2026-06-20 16:14:46.835 | INFO     | app.middleware.logging_middleware:dispatch:59 - request_completed
2026-06-20 16:14:46.906 | INFO     | app.middleware.logging_middleware:dispatch:59 - request_completed
2026-06-20 16:14:46.929 | INFO     | app.middleware.logging_middleware:dispatch:59 - request_completed
2026-06-20 16:14:47.785 | INFO     | app.middleware.logging_middleware:dispatch:59 - request_completed
2026-06-20 16:14:47.798 | INFO     | app.middleware.logging_middleware:dispatch:59 - request_completed
2026-06-20 16:14:47.803 | INFO     | app.middleware.logging_middleware:dispatch:59 - request_completed
2026-06-20 16:14:47.828 | INFO     | app.middleware.logging_middleware:dispatch:59 - request_completed
2026-06-20 16:14:48.893 | INFO     | app.middleware.logging_middleware:dispatch:59 - request_completed
2026-06-20 16:14:49.957 | INFO     | app.middleware.logging_middleware:dispatch:59 - request_completed
2026-06-20 16:14:51.045 | INFO     | app.middleware.logging_middleware:dispatch:59 - request_completed
2026-06-20 16:14:51.053 | INFO     | app.middleware.logging_middleware:dispatch:59 - request_completed
2026-06-20 16:14:51.068 | INFO     | app.middleware.logging_middleware:dispatch:59 - request_completed
2026-06-20 16:14:51.865 | INFO     | app.middleware.logging_middleware:dispatch:59 - request_completed
2026-06-20 16:14:51.930 | INFO     | app.middleware.logging_middleware:dispatch:59 - request_completed
2026-06-20 16:14:51.960 | INFO     | app.middleware.logging_middleware:dispatch:59 - request_completed
2026-06-20 16:14:53.088 | INFO     | app.middleware.logging_middleware:dispatch:59 - request_completed
2026-06-20 16:14:58.980 | INFO     | app.middleware.logging_middleware:dispatch:59 - request_completed
2026-06-20 16:14:58.988 | INFO     | app.middleware.logging_middleware:dispatch:59 - request_completed
2026-06-20 16:14:59.075 | INFO     | app.middleware.logging_middleware:dispatch:59 - request_completed
2026-06-20 16:14:59.159 | INFO     | app.middleware.logging_middleware:dispatch:59 - request_completed
2026-06-20 16:15:04.909 | INFO     | app.middleware.logging_middleware:dispatch:59 - request_completed
2026-06-20 16:15:04.965 | INFO     | app.middleware.logging_middleware:dispatch:59 - request_completed
2026-06-20 16:15:09.022 | INFO     | app.middleware.logging_middleware:dispatch:59 - request_completed
2026-06-20 16:15:09.023 | INFO     | app.middleware.logging_middleware:dispatch:59 - request_completed
2026-06-20 16:15:45.087 | INFO     | app.middleware.logging_middleware:dispatch:59 - request_completed
2026-06-20 16:15:45.118 | INFO     | app.middleware.logging_middleware:dispatch:59 - request_completed
2026-06-20 16:15:52.228 | INFO     | app.middleware.logging_middleware:dispatch:59 - request_completed
2026-06-20 16:15:57.778 | INFO     | app.middleware.logging_middleware:dispatch:59 - request_completed
2026-06-20 16:15:57.834 | INFO     | app.middleware.logging_middleware:dispatch:59 - request_completed
2026-06-20 16:16:00.314 | INFO     | app.middleware.logging_middleware:dispatch:59 - request_completed
2026-06-20 16:16:00.331 | INFO     | app.middleware.logging_middleware:dispatch:59 - request_completed
2026-06-20 16:16:00.342 | INFO     | app.middleware.logging_middleware:dispatch:59 - request_completed
2026-06-20 16:16:00.368 | INFO     | app.middleware.logging_middleware:dispatch:59 - request_completed
2026-06-20 16:16:01.699 | INFO     | app.middleware.logging_middleware:dispatch:59 - request_completed
2026-06-20 16:16:01.710 | INFO     | app.middleware.logging_middleware:dispatch:59 - request_completed
2026-06-20 16:16:01.712 | INFO     | app.middleware.logging_middleware:dispatch:59 - request_completed
2026-06-20 16:16:01.755 | INFO     | app.middleware.logging_middleware:dispatch:59 - request_completed
2026-06-20 16:16:02.988 | INFO     | app.middleware.logging_middleware:dispatch:59 - request_completed
2026-06-20 16:16:03.003 | INFO     | app.middleware.logging_middleware:dispatch:59 - request_completed
2026-06-20 16:16:03.005 | INFO     | app.middleware.logging_middleware:dispatch:59 - request_completed
2026-06-20 16:16:03.030 | INFO     | app.middleware.logging_middleware:dispatch:59 - request_completed
2026-06-20 16:16:03.690 | INFO     | app.middleware.logging_middleware:dispatch:59 - request_completed
2026-06-20 16:20:12.105 | INFO     | app.middleware.logging_middleware:dispatch:59 - request_completed
2026-06-20 16:20:12.135 | INFO     | app.middleware.logging_middleware:dispatch:59 - request_completed
2026-06-20 16:20:12.154 | INFO     | app.middleware.logging_middleware:dispatch:59 - request_completed
2026-06-20 16:20:12.243 | INFO     | app.middleware.logging_middleware:dispatch:59 - request_completed
2026-06-20 16:20:12.255 | INFO     | app.middleware.logging_middleware:dispatch:59 - request_completed
2026-06-20 16:20:12.357 | INFO     | app.middleware.logging_middleware:dispatch:59 - request_completed
2026-06-20 16:20:12.363 | INFO     | app.middleware.logging_middleware:dispatch:59 - request_completed
2026-06-20 16:20:12.367 | INFO     | app.middleware.logging_middleware:dispatch:59 - request_completed
2026-06-20 16:20:12.431 | INFO     | app.middleware.logging_middleware:dispatch:59 - request_completed
2026-06-20 16:20:12.463 | INFO     | app.middleware.logging_middleware:dispatch:59 - request_completed
2026-06-20 16:20:12.675 | INFO     | app.middleware.logging_middleware:dispatch:59 - request_completed
2026-06-20 16:20:13.985 | INFO     | app.middleware.logging_middleware:dispatch:59 - request_completed
2026-06-20 16:20:14.039 | INFO     | app.middleware.logging_middleware:dispatch:59 - request_completed
2026-06-20 16:20:14.051 | INFO     | app.middleware.logging_middleware:dispatch:59 - request_completed
2026-06-20 16:20:14.075 | INFO     | app.middleware.logging_middleware:dispatch:59 - request_completed
2026-06-20 16:20:14.081 | INFO     | app.middleware.logging_middleware:dispatch:59 - request_completed
2026-06-20 16:20:14.087 | INFO     | app.middleware.logging_middleware:dispatch:59 - request_completed
2026-06-20 16:20:14.093 | INFO     | app.middleware.logging_middleware:dispatch:59 - request_completed
2026-06-20 16:20:14.113 | INFO     | app.middleware.logging_middleware:dispatch:59 - request_completed
2026-06-20 16:20:14.193 | INFO     | app.middleware.logging_middleware:dispatch:59 - request_completed
2026-06-20 16:20:15.201 | INFO     | app.middleware.logging_middleware:dispatch:59 - request_completed
2026-06-20 16:20:15.270 | INFO     | app.middleware.logging_middleware:dispatch:59 - request_completed
2026-06-20 16:20:15.286 | INFO     | app.middleware.logging_middleware:dispatch:59 - request_completed
2026-06-20 16:20:15.294 | INFO     | app.middleware.logging_middleware:dispatch:59 - request_completed
2026-06-20 16:20:15.303 | INFO     | app.middleware.logging_middleware:dispatch:59 - request_completed
2026-06-20 16:20:15.310 | INFO     | app.middleware.logging_middleware:dispatch:59 - request_completed
2026-06-20 16:20:15.325 | INFO     | app.middleware.logging_middleware:dispatch:59 - request_completed
2026-06-20 16:20:15.374 | INFO     | app.middleware.logging_middleware:dispatch:59 - request_completed
2026-06-20 16:20:15.414 | INFO     | app.middleware.logging_middleware:dispatch:59 - request_completed
2026-06-20 16:20:15.534 | INFO     | app.middleware.logging_middleware:dispatch:59 - request_completed
2026-06-20 16:20:15.589 | INFO     | app.middleware.logging_middleware:dispatch:59 - request_completed
2026-06-20 16:20:15.607 | INFO     | app.middleware.logging_middleware:dispatch:59 - request_completed
2026-06-20 16:20:15.621 | INFO     | app.middleware.logging_middleware:dispatch:59 - request_completed
2026-06-20 16:20:15.623 | INFO     | app.middleware.logging_middleware:dispatch:59 - request_completed
2026-06-20 16:20:15.638 | INFO     | app.middleware.logging_middleware:dispatch:59 - request_completed
2026-06-20 16:20:15.640 | INFO     | app.middleware.logging_middleware:dispatch:59 - request_completed
2026-06-20 16:20:15.702 | INFO     | app.middleware.logging_middleware:dispatch:59 - request_completed
2026-06-20 16:20:15.726 | INFO     | app.middleware.logging_middleware:dispatch:59 - request_completed
2026-06-20 16:20:34.718 | INFO     | app.middleware.logging_middleware:dispatch:59 - request_completed
2026-06-20 16:20:34.735 | INFO     | app.middleware.logging_middleware:dispatch:59 - request_completed
2026-06-20 16:20:34.807 | INFO     | app.middleware.logging_middleware:dispatch:59 - request_completed
2026-06-20 16:20:34.879 | INFO     | app.middleware.logging_middleware:dispatch:59 - request_completed
2026-06-20 16:20:34.881 | INFO     | app.middleware.logging_middleware:dispatch:59 - request_completed
2026-06-20 16:20:34.905 | INFO     | app.middleware.logging_middleware:dispatch:59 - request_completed
2026-06-20 16:20:34.909 | INFO     | app.middleware.logging_middleware:dispatch:59 - request_completed
2026-06-20 16:20:34.912 | INFO     | app.middleware.logging_middleware:dispatch:59 - request_completed
2026-06-20 16:20:34.933 | INFO     | app.middleware.logging_middleware:dispatch:59 - request_completed
2026-06-20 16:20:34.965 | INFO     | app.middleware.logging_middleware:dispatch:59 - request_completed
2026-06-20 16:20:35.016 | INFO     | app.middleware.logging_middleware:dispatch:59 - request_completed
2026-06-20 16:20:37.976 | INFO     | app.middleware.logging_middleware:dispatch:59 - request_completed
2026-06-20 16:20:37.980 | INFO     | app.middleware.logging_middleware:dispatch:59 - request_completed
2026-06-20 16:20:37.990 | INFO     | app.middleware.logging_middleware:dispatch:59 - request_completed
2026-06-20 16:20:38.008 | INFO     | app.middleware.logging_middleware:dispatch:59 - request_completed
2026-06-20 16:20:38.441 | INFO     | app.middleware.logging_middleware:dispatch:59 - request_completed
2026-06-20 16:20:39.205 | INFO     | app.middleware.logging_middleware:dispatch:59 - request_completed
2026-06-20 16:20:39.623 | INFO     | app.middleware.logging_middleware:dispatch:59 - request_completed
2026-06-20 16:20:39.627 | INFO     | app.middleware.logging_middleware:dispatch:59 - request_completed
2026-06-20 16:20:39.651 | INFO     | app.middleware.logging_middleware:dispatch:59 - request_completed
2026-06-20 16:20:39.996 | INFO     | app.middleware.logging_middleware:dispatch:59 - request_completed
2026-06-20 16:20:40.061 | INFO     | app.middleware.logging_middleware:dispatch:59 - request_completed
2026-06-20 16:20:40.094 | INFO     | app.middleware.logging_middleware:dispatch:59 - request_completed
2026-06-20 16:20:40.537 | INFO     | app.middleware.logging_middleware:dispatch:59 - request_completed
2026-06-20 16:20:40.984 | INFO     | app.middleware.logging_middleware:dispatch:59 - request_completed
2026-06-20 16:20:40.986 | INFO     | app.middleware.logging_middleware:dispatch:59 - request_completed
2026-06-20 16:20:41.080 | INFO     | app.middleware.logging_middleware:dispatch:59 - request_completed
2026-06-20 16:20:41.210 | INFO     | app.middleware.logging_middleware:dispatch:59 - request_completed
2026-06-20 16:20:41.370 | INFO     | app.middleware.logging_middleware:dispatch:59 - request_completed
2026-06-20 16:20:41.433 | INFO     | app.middleware.logging_middleware:dispatch:59 - request_completed
2026-06-20 16:24:43.985 | INFO     | app.middleware.logging_middleware:dispatch:59 - request_completed
2026-06-20 16:34:37.170 | INFO     | app.middleware.logging_middleware:dispatch:59 - request_completed
2026-06-20 16:35:20.740 | INFO     | app.middleware.logging_middleware:dispatch:59 - request_completed
2026-06-20 16:35:47.307 | INFO     | app.middleware.logging_middleware:dispatch:59 - request_completed
2026-06-20 16:38:46.062 | INFO     | app.middleware.logging_middleware:dispatch:59 - request_completed
2026-06-20 16:38:58.241 | INFO     | app.middleware.logging_middleware:dispatch:59 - request_completed
2026-06-20 16:41:34.171 | INFO     | main:lifespan:112 - MongoDB connection closed
2026-06-20 16:41:42.130 | INFO     | main:lifespan:74 - MongoDB connected successfully
2026-06-20 16:41:47.155 | INFO     | main:lifespan:98 - RealtimeStockoutPredictor initialized successfully, model_version=unknown
2026-06-20 16:41:52.177 | INFO     | app.db.indexes:create_all_indexes:214 - All MongoDB indexes created successfully
2026-06-20 16:41:52.310 | INFO     | main:lifespan:107 - MongoDB indexes initialized successfully
2026-06-20 16:42:07.499 | INFO     | app.middleware.logging_middleware:dispatch:59 - request_completed
2026-06-20 16:49:38.317 | INFO     | app.middleware.logging_middleware:dispatch:59 - request_completed
2026-06-20 16:50:50.366 | INFO     | app.middleware.logging_middleware:dispatch:59 - request_completed
2026-06-20 16:53:38.260 | INFO     | app.middleware.logging_middleware:dispatch:59 - request_completed
2026-06-20 16:53:38.637 | INFO     | app.middleware.logging_middleware:dispatch:59 - request_completed
2026-06-20 16:53:39.165 | INFO     | app.middleware.logging_middleware:dispatch:59 - request_completed
2026-06-20 16:54:16.515 | INFO     | app.middleware.logging_middleware:dispatch:59 - request_completed
2026-06-20 16:56:47.805 | INFO     | app.middleware.logging_middleware:dispatch:59 - request_completed
2026-06-20 17:01:17.841 | INFO     | main:lifespan:112 - MongoDB connection closed
2026-06-20 17:01:23.110 | INFO     | main:lifespan:74 - MongoDB connected successfully
2026-06-20 17:01:29.267 | INFO     | main:lifespan:98 - RealtimeStockoutPredictor initialized successfully, model_version=unknown
2026-06-20 17:01:32.000 | INFO     | app.db.indexes:create_all_indexes:214 - All MongoDB indexes created successfully
2026-06-20 17:01:32.067 | INFO     | main:lifespan:107 - MongoDB indexes initialized successfully
2026-06-20 17:01:44.740 | INFO     | app.middleware.logging_middleware:dispatch:59 - request_completed
2026-06-20 17:03:40.842 | INFO     | main:lifespan:112 - MongoDB connection closed
2026-06-20 17:03:44.964 | INFO     | main:lifespan:74 - MongoDB connected successfully
2026-06-20 17:03:50.409 | INFO     | main:lifespan:98 - RealtimeStockoutPredictor initialized successfully, model_version=unknown
2026-06-20 17:03:53.381 | INFO     | app.db.indexes:create_all_indexes:214 - All MongoDB indexes created successfully
2026-06-20 17:03:53.446 | INFO     | main:lifespan:107 - MongoDB indexes initialized successfully
2026-06-20 17:04:14.018 | INFO     | app.middleware.logging_middleware:dispatch:59 - request_completed
2026-06-20 17:07:03.652 | INFO     | app.middleware.logging_middleware:dispatch:59 - request_completed
2026-06-20 17:07:04.229 | INFO     | app.middleware.logging_middleware:dispatch:59 - request_completed
2026-06-20 17:07:04.246 | INFO     | app.middleware.logging_middleware:dispatch:59 - request_completed
2026-06-20 17:07:04.285 | INFO     | app.middleware.logging_middleware:dispatch:59 - request_completed
2026-06-20 17:07:04.378 | INFO     | app.middleware.logging_middleware:dispatch:59 - request_completed
2026-06-20 17:07:04.393 | INFO     | app.middleware.logging_middleware:dispatch:59 - request_completed
2026-06-20 17:07:04.480 | INFO     | app.middleware.logging_middleware:dispatch:59 - request_completed
2026-06-20 17:07:04.520 | INFO     | app.middleware.logging_middleware:dispatch:59 - request_completed
2026-06-20 17:07:04.578 | INFO     | app.middleware.logging_middleware:dispatch:59 - request_completed
2026-06-20 17:07:04.625 | INFO     | app.middleware.logging_middleware:dispatch:59 - request_completed
2026-06-20 17:07:04.643 | INFO     | app.middleware.logging_middleware:dispatch:59 - request_completed
2026-06-20 17:07:04.853 | INFO     | app.middleware.logging_middleware:dispatch:59 - request_completed
2026-06-20 17:07:07.321 | INFO     | app.middleware.logging_middleware:dispatch:59 - request_completed
2026-06-20 17:07:07.374 | INFO     | app.middleware.logging_middleware:dispatch:59 - request_completed
2026-06-20 17:07:07.393 | INFO     | app.middleware.logging_middleware:dispatch:59 - request_completed
2026-06-20 17:07:07.400 | INFO     | app.middleware.logging_middleware:dispatch:59 - request_completed
2026-06-20 17:07:07.402 | INFO     | app.middleware.logging_middleware:dispatch:59 - request_completed
2026-06-20 17:07:07.414 | INFO     | app.middleware.logging_middleware:dispatch:59 - request_completed
2026-06-20 17:07:07.461 | INFO     | app.middleware.logging_middleware:dispatch:59 - request_completed
2026-06-20 17:07:07.605 | INFO     | app.middleware.logging_middleware:dispatch:59 - request_completed
2026-06-20 17:07:07.718 | INFO     | app.middleware.logging_middleware:dispatch:59 - request_completed
2026-06-20 17:07:09.287 | INFO     | app.middleware.logging_middleware:dispatch:59 - request_completed
2026-06-20 17:07:09.304 | INFO     | app.middleware.logging_middleware:dispatch:59 - request_completed
2026-06-20 17:07:09.309 | INFO     | app.middleware.logging_middleware:dispatch:59 - request_completed
2026-06-20 17:07:09.335 | INFO     | app.middleware.logging_middleware:dispatch:59 - request_completed
2026-06-20 17:07:10.029 | INFO     | app.middleware.logging_middleware:dispatch:59 - request_completed
2026-06-20 17:07:10.830 | INFO     | app.middleware.logging_middleware:dispatch:59 - request_completed
2026-06-20 17:07:12.410 | INFO     | app.middleware.logging_middleware:dispatch:59 - request_completed
2026-06-20 17:07:12.423 | INFO     | app.middleware.logging_middleware:dispatch:59 - request_completed
2026-06-20 17:07:12.450 | INFO     | app.middleware.logging_middleware:dispatch:59 - request_completed
2026-06-20 17:07:13.110 | INFO     | app.middleware.logging_middleware:dispatch:59 - request_completed
2026-06-20 17:07:13.172 | INFO     | app.middleware.logging_middleware:dispatch:59 - request_completed
2026-06-20 17:07:13.201 | INFO     | app.middleware.logging_middleware:dispatch:59 - request_completed
2026-06-20 17:07:14.057 | INFO     | app.middleware.logging_middleware:dispatch:59 - request_completed
2026-06-20 17:07:17.323 | INFO     | app.middleware.logging_middleware:dispatch:59 - request_completed
2026-06-20 17:07:17.329 | INFO     | app.middleware.logging_middleware:dispatch:59 - request_completed
2026-06-20 17:07:17.436 | INFO     | app.middleware.logging_middleware:dispatch:59 - request_completed
2026-06-20 17:07:17.533 | INFO     | app.middleware.logging_middleware:dispatch:59 - request_completed
2026-06-20 17:07:17.550 | INFO     | app.middleware.logging_middleware:dispatch:59 - request_completed
2026-06-20 17:07:17.572 | INFO     | app.middleware.logging_middleware:dispatch:59 - request_completed
2026-06-20 17:07:17.663 | INFO     | app.middleware.logging_middleware:dispatch:59 - request_completed
2026-06-20 17:07:17.745 | INFO     | app.middleware.logging_middleware:dispatch:59 - request_completed
2026-06-20 17:08:04.155 | INFO     | app.middleware.logging_middleware:dispatch:59 - request_completed
2026-06-20 17:08:04.211 | INFO     | app.middleware.logging_middleware:dispatch:59 - request_completed
2026-06-20 17:08:05.617 | INFO     | app.middleware.logging_middleware:dispatch:59 - request_completed
2026-06-20 17:08:05.621 | INFO     | app.middleware.logging_middleware:dispatch:59 - request_completed
2026-06-20 17:08:15.646 | INFO     | app.middleware.logging_middleware:dispatch:59 - request_completed
2026-06-20 17:08:15.677 | INFO     | app.middleware.logging_middleware:dispatch:59 - request_completed
2026-06-20 17:08:31.727 | INFO     | app.middleware.logging_middleware:dispatch:59 - request_completed
2026-06-20 17:08:31.740 | INFO     | app.middleware.logging_middleware:dispatch:59 - request_completed
2026-06-20 17:08:31.742 | INFO     | app.middleware.logging_middleware:dispatch:59 - request_completed
2026-06-20 17:08:31.770 | INFO     | app.middleware.logging_middleware:dispatch:59 - request_completed
2026-06-20 17:08:34.766 | INFO     | app.middleware.logging_middleware:dispatch:59 - request_completed
2026-06-20 17:08:34.777 | INFO     | app.middleware.logging_middleware:dispatch:59 - request_completed
2026-06-20 17:08:34.781 | INFO     | app.middleware.logging_middleware:dispatch:59 - request_completed
2026-06-20 17:08:34.809 | INFO     | app.middleware.logging_middleware:dispatch:59 - request_completed
2026-06-20 17:08:36.040 | INFO     | app.middleware.logging_middleware:dispatch:59 - request_completed
2026-06-20 17:08:36.048 | INFO     | app.middleware.logging_middleware:dispatch:59 - request_completed
2026-06-20 17:08:36.058 | INFO     | app.middleware.logging_middleware:dispatch:59 - request_completed
2026-06-20 17:08:36.078 | INFO     | app.middleware.logging_middleware:dispatch:59 - request_completed
2026-06-20 17:08:36.857 | INFO     | app.middleware.logging_middleware:dispatch:59 - request_completed
2026-06-20 17:08:37.685 | INFO     | app.middleware.logging_middleware:dispatch:59 - request_completed
2026-06-20 17:08:39.243 | INFO     | app.middleware.logging_middleware:dispatch:59 - request_completed
2026-06-20 17:08:39.254 | INFO     | app.middleware.logging_middleware:dispatch:59 - request_completed
2026-06-20 17:08:39.271 | INFO     | app.middleware.logging_middleware:dispatch:59 - request_completed
2026-06-20 17:08:39.899 | INFO     | app.middleware.logging_middleware:dispatch:59 - request_completed
2026-06-20 17:08:39.958 | INFO     | app.middleware.logging_middleware:dispatch:59 - request_completed
2026-06-20 17:08:39.966 | INFO     | app.middleware.logging_middleware:dispatch:59 - request_completed
2026-06-20 17:08:40.784 | INFO     | app.middleware.logging_middleware:dispatch:59 - request_completed
2026-06-20 17:08:40.849 | INFO     | app.middleware.logging_middleware:dispatch:59 - request_completed
2026-06-20 17:08:40.877 | INFO     | app.middleware.logging_middleware:dispatch:59 - request_completed
2026-06-20 17:08:42.164 | INFO     | app.middleware.logging_middleware:dispatch:59 - request_completed
2026-06-20 17:08:42.213 | INFO     | app.middleware.logging_middleware:dispatch:59 - request_completed
2026-06-20 17:08:42.986 | INFO     | app.middleware.logging_middleware:dispatch:59 - request_completed
2026-06-20 17:08:44.766 | INFO     | app.middleware.logging_middleware:dispatch:59 - request_completed
2026-06-20 17:08:44.776 | INFO     | app.middleware.logging_middleware:dispatch:59 - request_completed
2026-06-20 17:08:44.873 | INFO     | app.middleware.logging_middleware:dispatch:59 - request_completed
2026-06-20 17:08:44.960 | INFO     | app.middleware.logging_middleware:dispatch:59 - request_completed
2026-06-20 17:23:12.643 | INFO     | app.middleware.logging_middleware:dispatch:59 - request_completed
2026-06-20 17:23:12.723 | INFO     | app.middleware.logging_middleware:dispatch:59 - request_completed
2026-06-20 17:23:12.813 | INFO     | app.middleware.logging_middleware:dispatch:59 - request_completed
2026-06-20 17:23:12.888 | INFO     | app.middleware.logging_middleware:dispatch:59 - request_completed
2026-06-20 17:23:14.392 | INFO     | app.middleware.logging_middleware:dispatch:59 - request_completed
2026-06-20 17:23:14.397 | INFO     | app.middleware.logging_middleware:dispatch:59 - request_completed
2026-06-20 17:23:14.495 | INFO     | app.middleware.logging_middleware:dispatch:59 - request_completed
2026-06-20 17:23:14.569 | INFO     | app.middleware.logging_middleware:dispatch:59 - request_completed
2026-06-20 17:23:44.543 | INFO     | app.middleware.logging_middleware:dispatch:59 - request_completed
2026-06-20 17:23:44.586 | INFO     | app.middleware.logging_middleware:dispatch:59 - request_completed
2026-06-20 17:23:46.064 | INFO     | app.middleware.logging_middleware:dispatch:59 - request_completed
2026-06-20 17:23:46.067 | INFO     | app.middleware.logging_middleware:dispatch:59 - request_completed
2026-06-20 17:23:53.598 | INFO     | app.middleware.logging_middleware:dispatch:59 - request_completed
2026-06-20 17:23:53.603 | INFO     | app.middleware.logging_middleware:dispatch:59 - request_completed
2026-06-20 17:23:54.098 | INFO     | app.middleware.logging_middleware:dispatch:59 - request_completed
2026-06-20 17:23:54.101 | INFO     | app.middleware.logging_middleware:dispatch:59 - request_completed
2026-06-20 17:23:54.800 | INFO     | app.middleware.logging_middleware:dispatch:59 - request_completed
2026-06-20 17:23:54.802 | INFO     | app.middleware.logging_middleware:dispatch:59 - request_completed
2026-06-20 17:23:55.584 | INFO     | app.middleware.logging_middleware:dispatch:59 - request_completed
2026-06-20 17:23:55.586 | INFO     | app.middleware.logging_middleware:dispatch:59 - request_completed
2026-06-20 17:23:55.789 | INFO     | app.middleware.logging_middleware:dispatch:59 - request_completed
2026-06-20 17:23:55.793 | INFO     | app.middleware.logging_middleware:dispatch:59 - request_completed
2026-06-20 17:23:55.959 | INFO     | app.middleware.logging_middleware:dispatch:59 - request_completed
2026-06-20 17:23:55.963 | INFO     | app.middleware.logging_middleware:dispatch:59 - request_completed
2026-06-20 17:23:56.186 | INFO     | app.middleware.logging_middleware:dispatch:59 - request_completed
2026-06-20 17:23:56.189 | INFO     | app.middleware.logging_middleware:dispatch:59 - request_completed
2026-06-20 17:24:06.370 | INFO     | app.middleware.logging_middleware:dispatch:59 - request_completed
2026-06-20 17:24:06.423 | INFO     | app.middleware.logging_middleware:dispatch:59 - request_completed
2026-06-20 17:24:08.785 | INFO     | app.middleware.logging_middleware:dispatch:59 - request_completed
2026-06-20 17:24:08.789 | INFO     | app.middleware.logging_middleware:dispatch:59 - request_completed
2026-06-20 17:24:09.680 | INFO     | app.middleware.logging_middleware:dispatch:59 - request_completed
2026-06-20 17:24:09.712 | INFO     | app.middleware.logging_middleware:dispatch:59 - request_completed
2026-06-20 17:24:13.930 | INFO     | app.middleware.logging_middleware:dispatch:59 - request_completed
2026-06-20 17:24:19.478 | INFO     | app.middleware.logging_middleware:dispatch:59 - request_completed
2026-06-20 17:24:19.482 | INFO     | app.middleware.logging_middleware:dispatch:59 - request_completed
2026-06-20 17:24:20.534 | INFO     | app.middleware.logging_middleware:dispatch:59 - request_completed
2026-06-20 17:24:20.576 | INFO     | app.middleware.logging_middleware:dispatch:59 - request_completed
2026-06-20 17:24:23.324 | INFO     | app.middleware.logging_middleware:dispatch:59 - request_completed
2026-06-20 17:24:23.365 | INFO     | app.middleware.logging_middleware:dispatch:59 - request_completed
2026-06-20 17:24:28.349 | INFO     | app.middleware.logging_middleware:dispatch:59 - request_completed
2026-06-20 17:24:28.411 | INFO     | app.middleware.logging_middleware:dispatch:59 - request_completed
2026-06-20 17:24:28.415 | INFO     | app.middleware.logging_middleware:dispatch:59 - request_completed
2026-06-20 17:24:28.421 | INFO     | app.middleware.logging_middleware:dispatch:59 - request_completed
2026-06-20 17:24:28.440 | INFO     | app.middleware.logging_middleware:dispatch:59 - request_completed
2026-06-20 17:24:28.445 | INFO     | app.middleware.logging_middleware:dispatch:59 - request_completed
2026-06-20 17:24:28.462 | INFO     | app.middleware.logging_middleware:dispatch:59 - request_completed
2026-06-20 17:24:28.691 | INFO     | app.middleware.logging_middleware:dispatch:59 - request_completed
2026-06-20 17:24:28.771 | INFO     | app.middleware.logging_middleware:dispatch:59 - request_completed
2026-06-20 17:24:32.187 | INFO     | app.middleware.logging_middleware:dispatch:59 - request_completed
2026-06-20 17:24:32.195 | INFO     | app.middleware.logging_middleware:dispatch:59 - request_completed
2026-06-20 17:24:32.208 | INFO     | app.middleware.logging_middleware:dispatch:59 - request_completed
2026-06-20 17:24:32.274 | INFO     | app.middleware.logging_middleware:dispatch:59 - request_completed
2026-06-20 17:24:32.276 | INFO     | app.middleware.logging_middleware:dispatch:59 - request_completed
2026-06-20 17:24:32.277 | INFO     | app.middleware.logging_middleware:dispatch:59 - request_completed
2026-06-20 17:24:32.281 | INFO     | app.middleware.logging_middleware:dispatch:59 - request_completed
2026-06-20 17:24:32.286 | INFO     | app.middleware.logging_middleware:dispatch:59 - request_completed
2026-06-20 17:24:32.294 | INFO     | app.middleware.logging_middleware:dispatch:59 - request_completed
2026-06-20 17:24:32.329 | INFO     | app.middleware.logging_middleware:dispatch:59 - request_completed
2026-06-20 17:24:32.574 | INFO     | app.middleware.logging_middleware:dispatch:59 - request_completed
2026-06-20 17:35:21.153 | INFO     | app.middleware.logging_middleware:dispatch:59 - request_completed
2026-06-20 17:36:13.011 | INFO     | app.middleware.logging_middleware:dispatch:59 - request_completed
2026-06-20 17:36:13.016 | INFO     | app.middleware.logging_middleware:dispatch:59 - request_completed
2026-06-20 17:36:13.017 | INFO     | app.middleware.logging_middleware:dispatch:59 - request_completed
2026-06-20 17:36:13.041 | INFO     | app.middleware.logging_middleware:dispatch:59 - request_completed
2026-06-20 17:36:15.160 | INFO     | app.middleware.logging_middleware:dispatch:59 - request_completed
2026-06-20 17:36:16.166 | INFO     | app.middleware.logging_middleware:dispatch:59 - request_completed
2026-06-20 17:36:16.172 | INFO     | app.middleware.logging_middleware:dispatch:59 - request_completed
2026-06-20 17:36:16.175 | INFO     | app.middleware.logging_middleware:dispatch:59 - request_completed
2026-06-20 17:36:16.206 | INFO     | app.middleware.logging_middleware:dispatch:59 - request_completed
2026-06-20 17:36:17.445 | INFO     | app.middleware.logging_middleware:dispatch:59 - request_completed
2026-06-20 17:36:18.975 | INFO     | app.middleware.logging_middleware:dispatch:59 - request_completed
2026-06-20 17:36:19.021 | INFO     | app.middleware.logging_middleware:dispatch:59 - request_completed
2026-06-20 17:36:20.748 | INFO     | app.middleware.logging_middleware:dispatch:59 - request_completed
2026-06-20 17:36:22.474 | INFO     | app.middleware.logging_middleware:dispatch:59 - request_completed
2026-06-20 17:36:22.515 | INFO     | app.middleware.logging_middleware:dispatch:59 - request_completed
2026-06-20 17:36:24.272 | INFO     | app.middleware.logging_middleware:dispatch:59 - request_completed
2026-06-20 17:36:24.339 | INFO     | app.middleware.logging_middleware:dispatch:59 - request_completed
2026-06-20 17:36:24.370 | INFO     | app.middleware.logging_middleware:dispatch:59 - request_completed
2026-06-20 17:46:33.249 | INFO     | main:lifespan:74 - MongoDB connected successfully
2026-06-20 17:46:38.138 | INFO     | main:lifespan:98 - RealtimeStockoutPredictor initialized successfully, model_version=unknown
2026-06-20 17:46:41.117 | INFO     | app.db.indexes:create_all_indexes:214 - All MongoDB indexes created successfully
2026-06-20 17:46:41.186 | INFO     | main:lifespan:107 - MongoDB indexes initialized successfully
2026-06-20 17:47:00.728 | INFO     | app.middleware.logging_middleware:dispatch:59 - request_completed
2026-06-20 17:47:00.811 | INFO     | app.middleware.logging_middleware:dispatch:59 - request_completed
2026-06-20 17:47:01.061 | INFO     | app.middleware.logging_middleware:dispatch:59 - request_completed
2026-06-20 17:47:01.078 | INFO     | app.middleware.logging_middleware:dispatch:59 - request_completed
2026-06-20 17:47:01.103 | INFO     | app.middleware.logging_middleware:dispatch:59 - request_completed
2026-06-20 17:47:01.131 | INFO     | app.middleware.logging_middleware:dispatch:59 - request_completed
2026-06-20 17:47:01.203 | INFO     | app.middleware.logging_middleware:dispatch:59 - request_completed
2026-06-20 17:47:01.236 | INFO     | app.middleware.logging_middleware:dispatch:59 - request_completed
2026-06-20 17:47:01.263 | INFO     | app.middleware.logging_middleware:dispatch:59 - request_completed
2026-06-20 17:47:01.380 | INFO     | app.middleware.logging_middleware:dispatch:59 - request_completed
2026-06-20 17:47:01.395 | INFO     | app.middleware.logging_middleware:dispatch:59 - request_completed
2026-06-20 17:47:06.609 | INFO     | app.middleware.logging_middleware:dispatch:59 - request_completed
2026-06-20 17:47:06.621 | INFO     | app.middleware.logging_middleware:dispatch:59 - request_completed
2026-06-20 17:47:06.623 | INFO     | app.middleware.logging_middleware:dispatch:59 - request_completed
2026-06-20 17:47:06.647 | INFO     | app.middleware.logging_middleware:dispatch:59 - request_completed
2026-06-20 17:47:09.945 | INFO     | app.middleware.logging_middleware:dispatch:59 - request_completed
2026-06-20 17:47:10.744 | INFO     | app.middleware.logging_middleware:dispatch:59 - request_completed
2026-06-20 17:47:10.774 | INFO     | app.middleware.logging_middleware:dispatch:59 - request_completed
2026-06-20 17:47:10.994 | INFO     | app.middleware.logging_middleware:dispatch:59 - request_completed
2026-06-20 17:47:12.432 | INFO     | app.middleware.logging_middleware:dispatch:59 - request_completed
2026-06-20 17:47:13.262 | INFO     | app.middleware.logging_middleware:dispatch:59 - request_completed
2026-06-20 17:47:13.263 | INFO     | app.middleware.logging_middleware:dispatch:59 - request_completed
2026-06-20 17:47:13.356 | INFO     | app.middleware.logging_middleware:dispatch:59 - request_completed
2026-06-20 17:47:13.441 | INFO     | app.middleware.logging_middleware:dispatch:59 - request_completed
2026-06-20 17:47:13.976 | INFO     | app.middleware.logging_middleware:dispatch:59 - request_completed
2026-06-20 17:47:14.037 | INFO     | app.middleware.logging_middleware:dispatch:59 - request_completed
2026-06-20 17:47:14.077 | INFO     | app.middleware.logging_middleware:dispatch:59 - request_completed
2026-06-20 17:47:18.483 | INFO     | app.middleware.logging_middleware:dispatch:59 - request_completed
2026-06-20 17:47:18.549 | INFO     | app.middleware.logging_middleware:dispatch:59 - request_completed
2026-06-20 17:47:18.553 | INFO     | app.middleware.logging_middleware:dispatch:59 - request_completed
2026-06-20 17:47:18.555 | INFO     | app.middleware.logging_middleware:dispatch:59 - request_completed
2026-06-20 17:47:18.563 | INFO     | app.middleware.logging_middleware:dispatch:59 - request_completed
2026-06-20 17:47:18.574 | INFO     | app.middleware.logging_middleware:dispatch:59 - request_completed
2026-06-20 17:47:18.611 | INFO     | app.middleware.logging_middleware:dispatch:59 - request_completed
2026-06-20 17:47:18.735 | INFO     | app.middleware.logging_middleware:dispatch:59 - request_completed
2026-06-20 17:47:18.821 | INFO     | app.middleware.logging_middleware:dispatch:59 - request_completed
2026-06-20 17:48:17.084 | INFO     | app.middleware.logging_middleware:dispatch:59 - request_completed
2026-06-20 17:48:17.096 | INFO     | app.middleware.logging_middleware:dispatch:59 - request_completed
2026-06-20 17:48:17.115 | INFO     | app.middleware.logging_middleware:dispatch:59 - request_completed
2026-06-20 17:48:17.169 | INFO     | app.middleware.logging_middleware:dispatch:59 - request_completed
2026-06-20 17:48:17.181 | INFO     | app.middleware.logging_middleware:dispatch:59 - request_completed
2026-06-20 17:48:17.184 | INFO     | app.middleware.logging_middleware:dispatch:59 - request_completed
2026-06-20 17:48:17.191 | INFO     | app.middleware.logging_middleware:dispatch:59 - request_completed
2026-06-20 17:48:17.194 | INFO     | app.middleware.logging_middleware:dispatch:59 - request_completed
2026-06-20 17:48:17.197 | INFO     | app.middleware.logging_middleware:dispatch:59 - request_completed
2026-06-20 17:48:17.235 | INFO     | app.middleware.logging_middleware:dispatch:59 - request_completed
2026-06-20 17:48:17.284 | INFO     | app.middleware.logging_middleware:dispatch:59 - request_completed
2026-06-20 17:48:34.842 | INFO     | app.middleware.logging_middleware:dispatch:59 - request_completed
2026-06-20 17:55:09.542 | INFO     | app.middleware.logging_middleware:dispatch:59 - request_completed
2026-06-20 17:55:09.546 | INFO     | app.middleware.logging_middleware:dispatch:59 - request_completed
2026-06-20 17:55:10.584 | INFO     | app.middleware.logging_middleware:dispatch:59 - request_completed
2026-06-20 17:55:10.640 | INFO     | app.middleware.logging_middleware:dispatch:59 - request_completed
2026-06-20 17:55:11.852 | INFO     | app.middleware.logging_middleware:dispatch:59 - request_completed
2026-06-20 17:55:11.854 | INFO     | app.middleware.logging_middleware:dispatch:59 - request_completed
2026-06-20 17:55:40.659 | INFO     | app.middleware.logging_middleware:dispatch:59 - request_completed
2026-06-20 17:55:40.730 | INFO     | app.middleware.logging_middleware:dispatch:59 - request_completed
2026-06-20 17:55:40.731 | INFO     | app.middleware.logging_middleware:dispatch:59 - request_completed
2026-06-20 17:55:40.732 | INFO     | app.middleware.logging_middleware:dispatch:59 - request_completed
2026-06-20 17:55:40.735 | INFO     | app.middleware.logging_middleware:dispatch:59 - request_completed
2026-06-20 17:55:40.741 | INFO     | app.middleware.logging_middleware:dispatch:59 - request_completed
2026-06-20 17:55:40.746 | INFO     | app.middleware.logging_middleware:dispatch:59 - request_completed
2026-06-20 17:55:40.779 | INFO     | app.middleware.logging_middleware:dispatch:59 - request_completed
2026-06-20 17:55:40.812 | INFO     | app.middleware.logging_middleware:dispatch:59 - request_completed
2026-06-20 17:55:51.311 | INFO     | app.middleware.logging_middleware:dispatch:59 - request_completed
2026-06-20 17:55:51.321 | INFO     | app.middleware.logging_middleware:dispatch:59 - request_completed
2026-06-20 17:55:51.326 | INFO     | app.middleware.logging_middleware:dispatch:59 - request_completed
2026-06-20 17:55:51.347 | INFO     | app.middleware.logging_middleware:dispatch:59 - request_completed
2026-06-20 17:56:00.635 | INFO     | app.middleware.logging_middleware:dispatch:59 - request_completed
2026-06-20 17:56:16.097 | INFO     | app.middleware.logging_middleware:dispatch:59 - request_completed
2026-06-20 17:56:28.562 | INFO     | app.middleware.logging_middleware:dispatch:59 - request_completed
2026-06-20 17:56:28.564 | INFO     | app.middleware.logging_middleware:dispatch:59 - request_completed
2026-06-20 17:56:28.582 | INFO     | app.middleware.logging_middleware:dispatch:59 - request_completed
2026-06-20 17:56:41.809 | INFO     | app.middleware.logging_middleware:dispatch:59 - request_completed
2026-06-20 17:56:41.867 | INFO     | app.middleware.logging_middleware:dispatch:59 - request_completed
2026-06-20 17:56:41.906 | INFO     | app.middleware.logging_middleware:dispatch:59 - request_completed
2026-06-20 17:56:54.169 | INFO     | app.middleware.logging_middleware:dispatch:59 - request_completed
2026-06-20 17:57:08.760 | INFO     | app.middleware.logging_middleware:dispatch:59 - request_completed
2026-06-20 17:57:08.764 | INFO     | app.middleware.logging_middleware:dispatch:59 - request_completed
2026-06-20 17:57:08.845 | INFO     | app.middleware.logging_middleware:dispatch:59 - request_completed
2026-06-20 17:57:08.923 | INFO     | app.middleware.logging_middleware:dispatch:59 - request_completed
2026-06-20 17:57:30.487 | INFO     | app.middleware.logging_middleware:dispatch:59 - request_completed
2026-06-20 17:57:30.527 | INFO     | app.middleware.logging_middleware:dispatch:59 - request_completed
2026-06-20 17:57:40.459 | INFO     | app.middleware.logging_middleware:dispatch:59 - request_completed
2026-06-20 17:57:40.462 | INFO     | app.middleware.logging_middleware:dispatch:59 - request_completed
2026-06-20 17:57:46.524 | INFO     | app.middleware.logging_middleware:dispatch:59 - request_completed
2026-06-20 17:57:46.555 | INFO     | app.middleware.logging_middleware:dispatch:59 - request_completed
2026-06-20 17:57:55.842 | INFO     | app.middleware.logging_middleware:dispatch:59 - request_completed
2026-06-20 17:58:02.771 | INFO     | app.middleware.logging_middleware:dispatch:59 - request_completed
2026-06-20 17:58:02.829 | INFO     | app.middleware.logging_middleware:dispatch:59 - request_completed
2026-06-20 18:03:42.135 | INFO     | app.middleware.logging_middleware:dispatch:59 - request_completed
2026-06-20 18:03:42.143 | INFO     | app.middleware.logging_middleware:dispatch:59 - request_completed
2026-06-20 18:03:42.159 | INFO     | app.middleware.logging_middleware:dispatch:59 - request_completed
2026-06-20 18:03:42.196 | INFO     | app.middleware.logging_middleware:dispatch:59 - request_completed
2026-06-20 18:03:42.201 | INFO     | app.middleware.logging_middleware:dispatch:59 - request_completed
2026-06-20 18:03:42.216 | INFO     | app.middleware.logging_middleware:dispatch:59 - request_completed
2026-06-20 18:03:42.219 | INFO     | app.middleware.logging_middleware:dispatch:59 - request_completed
2026-06-20 18:03:42.223 | INFO     | app.middleware.logging_middleware:dispatch:59 - request_completed
2026-06-20 18:03:42.228 | INFO     | app.middleware.logging_middleware:dispatch:59 - request_completed
2026-06-20 18:03:42.229 | INFO     | app.middleware.logging_middleware:dispatch:59 - request_completed
2026-06-20 18:03:42.238 | INFO     | app.middleware.logging_middleware:dispatch:59 - request_completed
2026-06-20 18:03:42.254 | INFO     | app.middleware.logging_middleware:dispatch:59 - request_completed
2026-06-20 18:03:42.262 | INFO     | app.middleware.logging_middleware:dispatch:59 - request_completed
2026-06-20 18:03:42.266 | INFO     | app.middleware.logging_middleware:dispatch:59 - request_completed
2026-06-20 18:03:42.300 | INFO     | app.middleware.logging_middleware:dispatch:59 - request_completed
2026-06-20 18:03:42.309 | INFO     | app.middleware.logging_middleware:dispatch:59 - request_completed
2026-06-20 18:03:42.311 | INFO     | app.middleware.logging_middleware:dispatch:59 - request_completed
2026-06-20 18:03:42.312 | INFO     | app.middleware.logging_middleware:dispatch:59 - request_completed
2026-06-20 18:03:42.324 | INFO     | app.middleware.logging_middleware:dispatch:59 - request_completed
2026-06-20 18:03:42.329 | INFO     | app.middleware.logging_middleware:dispatch:59 - request_completed
2026-06-20 18:03:42.381 | INFO     | app.middleware.logging_middleware:dispatch:59 - request_completed
2026-06-20 18:03:42.492 | INFO     | app.middleware.logging_middleware:dispatch:59 - request_completed
2026-06-20 18:03:49.420 | INFO     | app.middleware.logging_middleware:dispatch:59 - request_completed
2026-06-20 18:03:49.431 | INFO     | app.middleware.logging_middleware:dispatch:59 - request_completed
2026-06-20 18:03:49.461 | INFO     | app.middleware.logging_middleware:dispatch:59 - request_completed
2026-06-20 18:03:49.517 | INFO     | app.middleware.logging_middleware:dispatch:59 - request_completed
2026-06-20 18:03:49.524 | INFO     | app.middleware.logging_middleware:dispatch:59 - request_completed
2026-06-20 18:03:49.538 | INFO     | app.middleware.logging_middleware:dispatch:59 - request_completed
2026-06-20 18:03:49.542 | INFO     | app.middleware.logging_middleware:dispatch:59 - request_completed
2026-06-20 18:03:49.545 | INFO     | app.middleware.logging_middleware:dispatch:59 - request_completed
2026-06-20 18:03:49.546 | INFO     | app.middleware.logging_middleware:dispatch:59 - request_completed
2026-06-20 18:03:49.586 | INFO     | app.middleware.logging_middleware:dispatch:59 - request_completed
2026-06-20 18:03:49.622 | INFO     | app.middleware.logging_middleware:dispatch:59 - request_completed
2026-06-20 18:03:59.762 | INFO     | app.middleware.logging_middleware:dispatch:59 - request_completed
2026-06-20 18:03:59.822 | INFO     | app.middleware.logging_middleware:dispatch:59 - request_completed
2026-06-20 18:03:59.826 | INFO     | app.middleware.logging_middleware:dispatch:59 - request_completed
2026-06-20 18:03:59.834 | INFO     | app.middleware.logging_middleware:dispatch:59 - request_completed
2026-06-20 18:03:59.838 | INFO     | app.middleware.logging_middleware:dispatch:59 - request_completed
2026-06-20 18:03:59.842 | INFO     | app.middleware.logging_middleware:dispatch:59 - request_completed
2026-06-20 18:03:59.843 | INFO     | app.middleware.logging_middleware:dispatch:59 - request_completed
2026-06-20 18:03:59.877 | INFO     | app.middleware.logging_middleware:dispatch:59 - request_completed
2026-06-20 18:03:59.924 | INFO     | app.middleware.logging_middleware:dispatch:59 - request_completed
2026-06-20 18:04:01.331 | INFO     | app.middleware.logging_middleware:dispatch:59 - request_completed
2026-06-20 18:04:01.332 | INFO     | app.middleware.logging_middleware:dispatch:59 - request_completed
2026-06-20 18:04:01.339 | INFO     | app.middleware.logging_middleware:dispatch:59 - request_completed
2026-06-20 18:04:01.365 | INFO     | app.middleware.logging_middleware:dispatch:59 - request_completed
2026-06-20 18:04:02.116 | INFO     | app.middleware.logging_middleware:dispatch:59 - request_completed
2026-06-20 18:04:02.117 | INFO     | app.middleware.logging_middleware:dispatch:59 - request_completed
2026-06-20 18:04:02.125 | INFO     | app.middleware.logging_middleware:dispatch:59 - request_completed
2026-06-20 18:04:02.156 | INFO     | app.middleware.logging_middleware:dispatch:59 - request_completed
2026-06-20 18:04:02.976 | INFO     | app.middleware.logging_middleware:dispatch:59 - request_completed
2026-06-20 18:04:02.977 | INFO     | app.middleware.logging_middleware:dispatch:59 - request_completed
2026-06-20 18:04:02.981 | INFO     | app.middleware.logging_middleware:dispatch:59 - request_completed
2026-06-20 18:04:03.006 | INFO     | app.middleware.logging_middleware:dispatch:59 - request_completed
2026-06-20 18:04:03.450 | INFO     | app.middleware.logging_middleware:dispatch:59 - request_completed
2026-06-20 18:04:03.893 | INFO     | app.middleware.logging_middleware:dispatch:59 - request_completed
2026-06-20 18:04:04.806 | INFO     | app.middleware.logging_middleware:dispatch:59 - request_completed
2026-06-20 18:04:04.814 | INFO     | app.middleware.logging_middleware:dispatch:59 - request_completed
2026-06-20 18:04:04.844 | INFO     | app.middleware.logging_middleware:dispatch:59 - request_completed
2026-06-20 18:04:05.697 | INFO     | app.middleware.logging_middleware:dispatch:59 - request_completed
2026-06-20 18:04:05.761 | INFO     | app.middleware.logging_middleware:dispatch:59 - request_completed
2026-06-20 18:04:05.764 | INFO     | app.middleware.logging_middleware:dispatch:59 - request_completed
2026-06-20 18:04:06.519 | INFO     | app.middleware.logging_middleware:dispatch:59 - request_completed
2026-06-20 18:04:06.585 | INFO     | app.middleware.logging_middleware:dispatch:59 - request_completed
2026-06-20 18:04:06.615 | INFO     | app.middleware.logging_middleware:dispatch:59 - request_completed
2026-06-20 18:04:07.782 | INFO     | app.middleware.logging_middleware:dispatch:59 - request_completed
2026-06-20 18:04:07.835 | INFO     | app.middleware.logging_middleware:dispatch:59 - request_completed
2026-06-20 18:04:08.374 | INFO     | app.middleware.logging_middleware:dispatch:59 - request_completed
2026-06-20 18:04:08.861 | INFO     | app.middleware.logging_middleware:dispatch:59 - request_completed
2026-06-20 18:04:08.866 | INFO     | app.middleware.logging_middleware:dispatch:59 - request_completed
2026-06-20 18:04:08.963 | INFO     | app.middleware.logging_middleware:dispatch:59 - request_completed
2026-06-20 18:04:09.037 | INFO     | app.middleware.logging_middleware:dispatch:59 - request_completed
2026-06-20 18:04:09.867 | INFO     | app.middleware.logging_middleware:dispatch:59 - request_completed
2026-06-20 18:04:09.912 | INFO     | app.middleware.logging_middleware:dispatch:59 - request_completed
2026-06-20 18:04:10.343 | INFO     | app.middleware.logging_middleware:dispatch:59 - request_completed
2026-06-20 18:04:10.819 | INFO     | app.middleware.logging_middleware:dispatch:59 - request_completed
2026-06-20 18:04:10.823 | INFO     | app.middleware.logging_middleware:dispatch:59 - request_completed
2026-06-20 18:04:10.905 | INFO     | app.middleware.logging_middleware:dispatch:59 - request_completed
2026-06-20 18:04:10.973 | INFO     | app.middleware.logging_middleware:dispatch:59 - request_completed
2026-06-20 18:04:12.294 | INFO     | app.middleware.logging_middleware:dispatch:59 - request_completed
2026-06-20 18:04:12.301 | INFO     | app.middleware.logging_middleware:dispatch:59 - request_completed
2026-06-20 18:04:13.128 | INFO     | app.middleware.logging_middleware:dispatch:59 - request_completed
2026-06-20 18:04:13.166 | INFO     | app.middleware.logging_middleware:dispatch:59 - request_completed
2026-06-20 18:04:14.177 | INFO     | app.middleware.logging_middleware:dispatch:59 - request_completed
2026-06-20 18:04:15.012 | INFO     | app.middleware.logging_middleware:dispatch:59 - request_completed
2026-06-20 18:04:15.076 | INFO     | app.middleware.logging_middleware:dispatch:59 - request_completed
2026-06-20 18:04:16.101 | INFO     | app.middleware.logging_middleware:dispatch:59 - request_completed
2026-06-20 18:04:16.510 | INFO     | app.middleware.logging_middleware:dispatch:59 - request_completed
2026-06-20 18:04:16.545 | INFO     | app.middleware.logging_middleware:dispatch:59 - request_completed
2026-06-20 18:04:16.903 | INFO     | app.middleware.logging_middleware:dispatch:59 - request_completed
2026-06-20 18:04:16.909 | INFO     | app.middleware.logging_middleware:dispatch:59 - request_completed
2026-06-20 18:04:17.373 | INFO     | app.middleware.logging_middleware:dispatch:59 - request_completed
2026-06-20 18:04:17.379 | INFO     | app.middleware.logging_middleware:dispatch:59 - request_completed
2026-06-20 18:04:17.473 | INFO     | app.middleware.logging_middleware:dispatch:59 - request_completed
2026-06-20 18:04:17.545 | INFO     | app.middleware.logging_middleware:dispatch:59 - request_completed
2026-06-20 18:04:17.819 | INFO     | app.middleware.logging_middleware:dispatch:59 - request_completed
2026-06-20 18:04:18.158 | INFO     | app.middleware.logging_middleware:dispatch:59 - request_completed
2026-06-20 18:04:18.197 | INFO     | app.middleware.logging_middleware:dispatch:59 - request_completed
2026-06-20 18:04:18.602 | INFO     | app.middleware.logging_middleware:dispatch:59 - request_completed
2026-06-20 18:04:18.667 | INFO     | app.middleware.logging_middleware:dispatch:59 - request_completed
2026-06-20 18:04:18.695 | INFO     | app.middleware.logging_middleware:dispatch:59 - request_completed
2026-06-20 18:04:19.856 | INFO     | app.middleware.logging_middleware:dispatch:59 - request_completed
2026-06-20 18:04:19.864 | INFO     | app.middleware.logging_middleware:dispatch:59 - request_completed
2026-06-20 18:04:19.891 | INFO     | app.middleware.logging_middleware:dispatch:59 - request_completed
2026-06-20 18:04:20.583 | INFO     | app.middleware.logging_middleware:dispatch:59 - request_completed
2026-06-20 18:04:20.645 | INFO     | app.middleware.logging_middleware:dispatch:59 - request_completed
2026-06-20 18:04:20.650 | INFO     | app.middleware.logging_middleware:dispatch:59 - request_completed
2026-06-20 18:04:21.454 | INFO     | app.middleware.logging_middleware:dispatch:59 - request_completed
2026-06-20 18:04:21.520 | INFO     | app.middleware.logging_middleware:dispatch:59 - request_completed
2026-06-20 18:04:21.550 | INFO     | app.middleware.logging_middleware:dispatch:59 - request_completed
2026-06-20 18:04:39.843 | INFO     | app.middleware.logging_middleware:dispatch:59 - request_completed
2026-06-20 18:04:39.905 | INFO     | app.middleware.logging_middleware:dispatch:59 - request_completed
2026-06-20 18:04:39.909 | INFO     | app.middleware.logging_middleware:dispatch:59 - request_completed
2026-06-20 18:04:40.400 | INFO     | app.middleware.logging_middleware:dispatch:59 - request_completed
2026-06-20 18:04:40.407 | INFO     | app.middleware.logging_middleware:dispatch:59 - request_completed
2026-06-20 18:04:40.437 | INFO     | app.middleware.logging_middleware:dispatch:59 - request_completed
2026-06-20 18:04:41.058 | INFO     | app.middleware.logging_middleware:dispatch:59 - request_completed
2026-06-20 18:04:41.124 | INFO     | app.middleware.logging_middleware:dispatch:59 - request_completed
2026-06-20 18:04:41.153 | INFO     | app.middleware.logging_middleware:dispatch:59 - request_completed
2026-06-20 18:04:44.467 | INFO     | app.middleware.logging_middleware:dispatch:59 - request_completed
2026-06-20 18:04:44.473 | INFO     | app.middleware.logging_middleware:dispatch:59 - request_completed
2026-06-20 18:04:45.756 | INFO     | app.middleware.logging_middleware:dispatch:59 - request_completed
2026-06-20 18:04:46.158 | INFO     | app.middleware.logging_middleware:dispatch:59 - request_completed
2026-06-20 18:04:46.190 | INFO     | app.middleware.logging_middleware:dispatch:59 - request_completed
2026-06-20 18:04:53.052 | INFO     | app.middleware.logging_middleware:dispatch:59 - request_completed
2026-06-20 18:04:53.115 | INFO     | app.middleware.logging_middleware:dispatch:59 - request_completed
2026-06-20 18:04:53.122 | INFO     | app.middleware.logging_middleware:dispatch:59 - request_completed
2026-06-20 18:04:53.122 | INFO     | app.middleware.logging_middleware:dispatch:59 - request_completed
2026-06-20 18:04:53.123 | INFO     | app.middleware.logging_middleware:dispatch:59 - request_completed
2026-06-20 18:04:53.126 | INFO     | app.middleware.logging_middleware:dispatch:59 - request_completed
2026-06-20 18:04:53.134 | INFO     | app.middleware.logging_middleware:dispatch:59 - request_completed
2026-06-20 18:04:53.170 | INFO     | app.middleware.logging_middleware:dispatch:59 - request_completed
2026-06-20 18:04:53.212 | INFO     | app.middleware.logging_middleware:dispatch:59 - request_completed
2026-06-20 18:04:55.830 | INFO     | app.middleware.logging_middleware:dispatch:59 - request_completed
2026-06-20 18:04:55.887 | INFO     | app.middleware.logging_middleware:dispatch:59 - request_completed
2026-06-20 18:04:55.891 | INFO     | app.middleware.logging_middleware:dispatch:59 - request_completed
2026-06-20 18:04:55.892 | INFO     | app.middleware.logging_middleware:dispatch:59 - request_completed
2026-06-20 18:04:55.897 | INFO     | app.middleware.logging_middleware:dispatch:59 - request_completed
2026-06-20 18:04:55.907 | INFO     | app.middleware.logging_middleware:dispatch:59 - request_completed
2026-06-20 18:04:55.907 | INFO     | app.middleware.logging_middleware:dispatch:59 - request_completed
2026-06-20 18:04:55.938 | INFO     | app.middleware.logging_middleware:dispatch:59 - request_completed
2026-06-20 18:04:55.992 | INFO     | app.middleware.logging_middleware:dispatch:59 - request_completed
2026-06-20 18:04:56.518 | INFO     | app.middleware.logging_middleware:dispatch:59 - request_completed
2026-06-20 18:04:56.576 | INFO     | app.middleware.logging_middleware:dispatch:59 - request_completed
2026-06-20 18:04:56.581 | INFO     | app.middleware.logging_middleware:dispatch:59 - request_completed
2026-06-20 18:04:56.587 | INFO     | app.middleware.logging_middleware:dispatch:59 - request_completed
2026-06-20 18:04:56.596 | INFO     | app.middleware.logging_middleware:dispatch:59 - request_completed
2026-06-20 18:04:56.598 | INFO     | app.middleware.logging_middleware:dispatch:59 - request_completed
2026-06-20 18:04:56.600 | INFO     | app.middleware.logging_middleware:dispatch:59 - request_completed
2026-06-20 18:04:56.639 | INFO     | app.middleware.logging_middleware:dispatch:59 - request_completed
2026-06-20 18:04:56.733 | INFO     | app.middleware.logging_middleware:dispatch:59 - request_completed
2026-06-20 18:04:56.830 | INFO     | app.middleware.logging_middleware:dispatch:59 - request_completed
2026-06-20 18:04:56.894 | INFO     | app.middleware.logging_middleware:dispatch:59 - request_completed
2026-06-20 18:04:56.897 | INFO     | app.middleware.logging_middleware:dispatch:59 - request_completed
2026-06-20 18:04:56.906 | INFO     | app.middleware.logging_middleware:dispatch:59 - request_completed
2026-06-20 18:04:56.907 | INFO     | app.middleware.logging_middleware:dispatch:59 - request_completed
2026-06-20 18:04:56.908 | INFO     | app.middleware.logging_middleware:dispatch:59 - request_completed
2026-06-20 18:04:56.916 | INFO     | app.middleware.logging_middleware:dispatch:59 - request_completed
2026-06-20 18:04:56.947 | INFO     | app.middleware.logging_middleware:dispatch:59 - request_completed
2026-06-20 18:04:56.991 | INFO     | app.middleware.logging_middleware:dispatch:59 - request_completed
2026-06-20 18:04:57.039 | INFO     | app.middleware.logging_middleware:dispatch:59 - request_completed
2026-06-20 18:04:57.094 | INFO     | app.middleware.logging_middleware:dispatch:59 - request_completed
2026-06-20 18:04:57.098 | INFO     | app.middleware.logging_middleware:dispatch:59 - request_completed
2026-06-20 18:04:57.104 | INFO     | app.middleware.logging_middleware:dispatch:59 - request_completed
2026-06-20 18:04:57.112 | INFO     | app.middleware.logging_middleware:dispatch:59 - request_completed
2026-06-20 18:04:57.112 | INFO     | app.middleware.logging_middleware:dispatch:59 - request_completed
2026-06-20 18:04:57.116 | INFO     | app.middleware.logging_middleware:dispatch:59 - request_completed
2026-06-20 18:04:57.138 | INFO     | app.middleware.logging_middleware:dispatch:59 - request_completed
2026-06-20 18:04:57.203 | INFO     | app.middleware.logging_middleware:dispatch:59 - request_completed
2026-06-20 18:04:57.241 | INFO     | app.middleware.logging_middleware:dispatch:59 - request_completed
2026-06-20 18:04:57.302 | INFO     | app.middleware.logging_middleware:dispatch:59 - request_completed
2026-06-20 18:04:57.304 | INFO     | app.middleware.logging_middleware:dispatch:59 - request_completed
2026-06-20 18:04:57.305 | INFO     | app.middleware.logging_middleware:dispatch:59 - request_completed
2026-06-20 18:04:57.314 | INFO     | app.middleware.logging_middleware:dispatch:59 - request_completed
2026-06-20 18:04:57.315 | INFO     | app.middleware.logging_middleware:dispatch:59 - request_completed
2026-06-20 18:04:57.322 | INFO     | app.middleware.logging_middleware:dispatch:59 - request_completed
2026-06-20 18:04:57.351 | INFO     | app.middleware.logging_middleware:dispatch:59 - request_completed
2026-06-20 18:04:57.405 | INFO     | app.middleware.logging_middleware:dispatch:59 - request_completed
2026-06-20 18:04:57.418 | INFO     | app.middleware.logging_middleware:dispatch:59 - request_completed
2026-06-20 18:04:57.476 | INFO     | app.middleware.logging_middleware:dispatch:59 - request_completed
2026-06-20 18:04:57.478 | INFO     | app.middleware.logging_middleware:dispatch:59 - request_completed
2026-06-20 18:04:57.486 | INFO     | app.middleware.logging_middleware:dispatch:59 - request_completed
2026-06-20 18:04:57.487 | INFO     | app.middleware.logging_middleware:dispatch:59 - request_completed
2026-06-20 18:04:57.491 | INFO     | app.middleware.logging_middleware:dispatch:59 - request_completed
2026-06-20 18:04:57.499 | INFO     | app.middleware.logging_middleware:dispatch:59 - request_completed
2026-06-20 18:04:57.530 | INFO     | app.middleware.logging_middleware:dispatch:59 - request_completed
2026-06-20 18:04:57.581 | INFO     | app.middleware.logging_middleware:dispatch:59 - request_completed
