2026-06-22 10:01:32.598 | INFO     | main:lifespan:74 - MongoDB connected successfully
2026-06-22 10:01:35.839 | INFO     | main:lifespan:98 - RealtimeStockoutPredictor initialized successfully, model_version=unknown
2026-06-22 10:01:38.540 | INFO     | app.db.indexes:create_all_indexes:214 - All MongoDB indexes created successfully
2026-06-22 10:01:38.605 | INFO     | main:lifespan:107 - MongoDB indexes initialized successfully
2026-06-22 10:02:22.902 | INFO     | app.middleware.logging_middleware:dispatch:59 - request_completed
2026-06-22 10:21:02.043 | INFO     | app.middleware.logging_middleware:dispatch:59 - request_completed
2026-06-22 10:22:06.161 | INFO     | app.middleware.logging_middleware:dispatch:59 - request_completed
2026-06-22 10:22:06.768 | INFO     | app.middleware.logging_middleware:dispatch:59 - request_completed
2026-06-22 10:22:06.799 | INFO     | app.middleware.logging_middleware:dispatch:59 - request_completed
2026-06-22 10:22:06.900 | INFO     | app.middleware.logging_middleware:dispatch:59 - request_completed
2026-06-22 10:22:07.055 | INFO     | app.middleware.logging_middleware:dispatch:59 - request_completed
2026-06-22 10:22:07.079 | INFO     | app.middleware.logging_middleware:dispatch:59 - request_completed
2026-06-22 10:22:07.120 | INFO     | app.middleware.logging_middleware:dispatch:59 - request_completed
2026-06-22 10:22:07.150 | INFO     | app.middleware.logging_middleware:dispatch:59 - request_completed
2026-06-22 10:22:07.217 | INFO     | app.middleware.logging_middleware:dispatch:59 - request_completed
2026-06-22 10:22:07.219 | INFO     | app.middleware.logging_middleware:dispatch:59 - request_completed
2026-06-22 10:22:07.370 | INFO     | app.middleware.logging_middleware:dispatch:59 - request_completed
2026-06-22 10:22:07.433 | INFO     | app.middleware.logging_middleware:dispatch:59 - request_completed
2026-06-22 10:22:09.380 | INFO     | app.middleware.logging_middleware:dispatch:59 - request_completed
2026-06-22 10:22:09.387 | INFO     | app.middleware.logging_middleware:dispatch:59 - request_completed
2026-06-22 10:22:09.397 | INFO     | app.middleware.logging_middleware:dispatch:59 - request_completed
2026-06-22 10:22:09.427 | INFO     | app.middleware.logging_middleware:dispatch:59 - request_completed
2026-06-22 10:22:10.854 | INFO     | app.middleware.logging_middleware:dispatch:59 - request_completed
2026-06-22 10:22:12.121 | INFO     | app.middleware.logging_middleware:dispatch:59 - request_completed
2026-06-22 10:22:14.691 | INFO     | app.middleware.logging_middleware:dispatch:59 - request_completed
2026-06-22 10:22:14.707 | INFO     | app.middleware.logging_middleware:dispatch:59 - request_completed
2026-06-22 10:22:14.708 | INFO     | app.middleware.logging_middleware:dispatch:59 - request_completed
2026-06-22 10:22:14.735 | INFO     | app.middleware.logging_middleware:dispatch:59 - request_completed
2026-06-22 10:22:16.268 | INFO     | app.middleware.logging_middleware:dispatch:59 - request_completed
2026-06-22 10:22:16.283 | INFO     | app.middleware.logging_middleware:dispatch:59 - request_completed
2026-06-22 10:22:16.290 | INFO     | app.middleware.logging_middleware:dispatch:59 - request_completed
2026-06-22 10:22:16.315 | INFO     | app.middleware.logging_middleware:dispatch:59 - request_completed
2026-06-22 10:22:20.856 | INFO     | app.middleware.logging_middleware:dispatch:59 - request_completed
2026-06-22 10:22:20.858 | INFO     | app.middleware.logging_middleware:dispatch:59 - request_completed
2026-06-22 10:22:20.942 | INFO     | app.middleware.logging_middleware:dispatch:59 - request_completed
2026-06-22 10:22:21.066 | INFO     | app.middleware.logging_middleware:dispatch:59 - request_completed
2026-06-22 10:22:24.122 | INFO     | app.middleware.logging_middleware:dispatch:59 - request_completed
2026-06-22 10:22:24.132 | INFO     | app.middleware.logging_middleware:dispatch:59 - request_completed
2026-06-22 10:22:25.792 | INFO     | app.middleware.logging_middleware:dispatch:59 - request_completed
2026-06-22 10:22:25.814 | INFO     | app.middleware.logging_middleware:dispatch:59 - request_completed
2026-06-22 10:22:28.061 | INFO     | app.middleware.logging_middleware:dispatch:59 - request_completed
2026-06-22 10:22:29.754 | INFO     | app.middleware.logging_middleware:dispatch:59 - request_completed
2026-06-22 10:22:29.826 | INFO     | app.middleware.logging_middleware:dispatch:59 - request_completed
2026-06-22 10:22:30.991 | INFO     | app.middleware.logging_middleware:dispatch:59 - request_completed
2026-06-22 10:22:30.998 | INFO     | app.middleware.logging_middleware:dispatch:59 - request_completed
2026-06-22 10:24:23.721 | INFO     | app.middleware.logging_middleware:dispatch:59 - request_completed
2026-06-22 10:24:23.774 | INFO     | app.middleware.logging_middleware:dispatch:59 - request_completed
2026-06-22 10:24:23.801 | INFO     | app.middleware.logging_middleware:dispatch:59 - request_completed
2026-06-22 10:24:23.867 | INFO     | app.middleware.logging_middleware:dispatch:59 - request_completed
2026-06-22 10:24:23.875 | INFO     | app.middleware.logging_middleware:dispatch:59 - request_completed
2026-06-22 10:24:23.880 | INFO     | app.middleware.logging_middleware:dispatch:59 - request_completed
2026-06-22 10:24:23.887 | INFO     | app.middleware.logging_middleware:dispatch:59 - request_completed
2026-06-22 10:24:23.890 | INFO     | app.middleware.logging_middleware:dispatch:59 - request_completed
2026-06-22 10:24:23.896 | INFO     | app.middleware.logging_middleware:dispatch:59 - request_completed
2026-06-22 10:24:23.930 | INFO     | app.middleware.logging_middleware:dispatch:59 - request_completed
2026-06-22 10:24:24.237 | INFO     | app.middleware.logging_middleware:dispatch:59 - request_completed
2026-06-22 10:24:30.400 | INFO     | app.middleware.logging_middleware:dispatch:59 - request_completed
2026-06-22 10:24:30.414 | INFO     | app.middleware.logging_middleware:dispatch:59 - request_completed
2026-06-22 10:24:30.426 | INFO     | app.middleware.logging_middleware:dispatch:59 - request_completed
2026-06-22 10:24:30.504 | INFO     | app.middleware.logging_middleware:dispatch:59 - request_completed
2026-06-22 10:24:30.506 | INFO     | app.middleware.logging_middleware:dispatch:59 - request_completed
2026-06-22 10:24:30.514 | INFO     | app.middleware.logging_middleware:dispatch:59 - request_completed
2026-06-22 10:24:30.517 | INFO     | app.middleware.logging_middleware:dispatch:59 - request_completed
2026-06-22 10:24:30.518 | INFO     | app.middleware.logging_middleware:dispatch:59 - request_completed
2026-06-22 10:24:30.527 | INFO     | app.middleware.logging_middleware:dispatch:59 - request_completed
2026-06-22 10:24:30.557 | INFO     | app.middleware.logging_middleware:dispatch:59 - request_completed
2026-06-22 10:24:30.608 | INFO     | app.middleware.logging_middleware:dispatch:59 - request_completed
2026-06-22 10:24:32.020 | INFO     | app.middleware.logging_middleware:dispatch:59 - request_completed
2026-06-22 10:24:32.033 | INFO     | app.middleware.logging_middleware:dispatch:59 - request_completed
2026-06-22 10:24:32.052 | INFO     | app.middleware.logging_middleware:dispatch:59 - request_completed
2026-06-22 10:24:32.117 | INFO     | app.middleware.logging_middleware:dispatch:59 - request_completed
2026-06-22 10:24:32.127 | INFO     | app.middleware.logging_middleware:dispatch:59 - request_completed
2026-06-22 10:24:32.140 | INFO     | app.middleware.logging_middleware:dispatch:59 - request_completed
2026-06-22 10:24:32.143 | INFO     | app.middleware.logging_middleware:dispatch:59 - request_completed
2026-06-22 10:24:32.145 | INFO     | app.middleware.logging_middleware:dispatch:59 - request_completed
2026-06-22 10:24:32.147 | INFO     | app.middleware.logging_middleware:dispatch:59 - request_completed
2026-06-22 10:24:32.194 | INFO     | app.middleware.logging_middleware:dispatch:59 - request_completed
2026-06-22 10:24:32.251 | INFO     | app.middleware.logging_middleware:dispatch:59 - request_completed
2026-06-22 10:25:17.838 | INFO     | app.middleware.logging_middleware:dispatch:59 - request_completed
2026-06-22 10:25:17.851 | INFO     | app.middleware.logging_middleware:dispatch:59 - request_completed
2026-06-22 10:25:17.870 | INFO     | app.middleware.logging_middleware:dispatch:59 - request_completed
2026-06-22 10:25:17.940 | INFO     | app.middleware.logging_middleware:dispatch:59 - request_completed
2026-06-22 10:25:17.950 | INFO     | app.middleware.logging_middleware:dispatch:59 - request_completed
2026-06-22 10:25:17.958 | INFO     | app.middleware.logging_middleware:dispatch:59 - request_completed
2026-06-22 10:25:17.965 | INFO     | app.middleware.logging_middleware:dispatch:59 - request_completed
2026-06-22 10:25:17.967 | INFO     | app.middleware.logging_middleware:dispatch:59 - request_completed
2026-06-22 10:25:17.976 | INFO     | app.middleware.logging_middleware:dispatch:59 - request_completed
2026-06-22 10:25:18.008 | INFO     | app.middleware.logging_middleware:dispatch:59 - request_completed
2026-06-22 10:25:18.050 | INFO     | app.middleware.logging_middleware:dispatch:59 - request_completed
2026-06-22 10:25:35.443 | INFO     | app.middleware.logging_middleware:dispatch:59 - request_completed
2026-06-22 10:25:35.461 | INFO     | app.middleware.logging_middleware:dispatch:59 - request_completed
2026-06-22 10:25:35.484 | INFO     | app.middleware.logging_middleware:dispatch:59 - request_completed
2026-06-22 10:25:35.554 | INFO     | app.middleware.logging_middleware:dispatch:59 - request_completed
2026-06-22 10:25:35.560 | INFO     | app.middleware.logging_middleware:dispatch:59 - request_completed
2026-06-22 10:25:35.566 | INFO     | app.middleware.logging_middleware:dispatch:59 - request_completed
2026-06-22 10:25:35.569 | INFO     | app.middleware.logging_middleware:dispatch:59 - request_completed
2026-06-22 10:25:35.578 | INFO     | app.middleware.logging_middleware:dispatch:59 - request_completed
2026-06-22 10:25:35.579 | INFO     | app.middleware.logging_middleware:dispatch:59 - request_completed
2026-06-22 10:25:35.609 | INFO     | app.middleware.logging_middleware:dispatch:59 - request_completed
2026-06-22 10:25:35.666 | INFO     | app.middleware.logging_middleware:dispatch:59 - request_completed
2026-06-22 10:25:44.092 | INFO     | app.middleware.logging_middleware:dispatch:59 - request_completed
2026-06-22 10:25:44.105 | INFO     | app.middleware.logging_middleware:dispatch:59 - request_completed
2026-06-22 10:25:44.129 | INFO     | app.middleware.logging_middleware:dispatch:59 - request_completed
2026-06-22 10:25:44.191 | INFO     | app.middleware.logging_middleware:dispatch:59 - request_completed
2026-06-22 10:25:44.196 | INFO     | app.middleware.logging_middleware:dispatch:59 - request_completed
2026-06-22 10:25:44.206 | INFO     | app.middleware.logging_middleware:dispatch:59 - request_completed
2026-06-22 10:25:44.209 | INFO     | app.middleware.logging_middleware:dispatch:59 - request_completed
2026-06-22 10:25:44.215 | INFO     | app.middleware.logging_middleware:dispatch:59 - request_completed
2026-06-22 10:25:44.218 | INFO     | app.middleware.logging_middleware:dispatch:59 - request_completed
2026-06-22 10:25:44.246 | INFO     | app.middleware.logging_middleware:dispatch:59 - request_completed
2026-06-22 10:25:44.305 | INFO     | app.middleware.logging_middleware:dispatch:59 - request_completed
2026-06-22 10:30:57.084 | INFO     | app.middleware.logging_middleware:dispatch:59 - request_completed
2026-06-22 10:30:57.115 | INFO     | app.middleware.logging_middleware:dispatch:59 - request_completed
2026-06-22 10:30:57.133 | INFO     | app.middleware.logging_middleware:dispatch:59 - request_completed
2026-06-22 10:30:57.206 | INFO     | app.middleware.logging_middleware:dispatch:59 - request_completed
2026-06-22 10:30:57.208 | INFO     | app.middleware.logging_middleware:dispatch:59 - request_completed
2026-06-22 10:30:57.223 | INFO     | app.middleware.logging_middleware:dispatch:59 - request_completed
2026-06-22 10:30:57.225 | INFO     | app.middleware.logging_middleware:dispatch:59 - request_completed
2026-06-22 10:30:57.227 | INFO     | app.middleware.logging_middleware:dispatch:59 - request_completed
2026-06-22 10:30:57.240 | INFO     | app.middleware.logging_middleware:dispatch:59 - request_completed
2026-06-22 10:30:57.281 | INFO     | app.middleware.logging_middleware:dispatch:59 - request_completed
2026-06-22 10:30:57.311 | INFO     | app.middleware.logging_middleware:dispatch:59 - request_completed
2026-06-22 10:30:57.956 | INFO     | app.middleware.logging_middleware:dispatch:59 - request_completed
2026-06-22 10:30:57.975 | INFO     | app.middleware.logging_middleware:dispatch:59 - request_completed
2026-06-22 10:30:57.997 | INFO     | app.middleware.logging_middleware:dispatch:59 - request_completed
2026-06-22 10:30:58.058 | INFO     | app.middleware.logging_middleware:dispatch:59 - request_completed
2026-06-22 10:30:58.059 | INFO     | app.middleware.logging_middleware:dispatch:59 - request_completed
2026-06-22 10:30:58.067 | INFO     | app.middleware.logging_middleware:dispatch:59 - request_completed
2026-06-22 10:30:58.072 | INFO     | app.middleware.logging_middleware:dispatch:59 - request_completed
2026-06-22 10:30:58.075 | INFO     | app.middleware.logging_middleware:dispatch:59 - request_completed
2026-06-22 10:30:58.077 | INFO     | app.middleware.logging_middleware:dispatch:59 - request_completed
2026-06-22 10:30:58.096 | INFO     | app.middleware.logging_middleware:dispatch:59 - request_completed
2026-06-22 10:30:58.164 | INFO     | app.middleware.logging_middleware:dispatch:59 - request_completed
2026-06-22 10:33:10.570 | INFO     | app.middleware.logging_middleware:dispatch:59 - request_completed
2026-06-22 10:33:10.591 | INFO     | app.middleware.logging_middleware:dispatch:59 - request_completed
2026-06-22 10:33:10.626 | INFO     | app.middleware.logging_middleware:dispatch:59 - request_completed
2026-06-22 10:33:10.694 | INFO     | app.middleware.logging_middleware:dispatch:59 - request_completed
2026-06-22 10:33:10.700 | INFO     | app.middleware.logging_middleware:dispatch:59 - request_completed
2026-06-22 10:33:10.711 | INFO     | app.middleware.logging_middleware:dispatch:59 - request_completed
2026-06-22 10:33:10.721 | INFO     | app.middleware.logging_middleware:dispatch:59 - request_completed
2026-06-22 10:33:10.730 | INFO     | app.middleware.logging_middleware:dispatch:59 - request_completed
2026-06-22 10:33:10.731 | INFO     | app.middleware.logging_middleware:dispatch:59 - request_completed
2026-06-22 10:33:10.748 | INFO     | app.middleware.logging_middleware:dispatch:59 - request_completed
2026-06-22 10:33:10.824 | INFO     | app.middleware.logging_middleware:dispatch:59 - request_completed
2026-06-22 10:35:58.048 | INFO     | app.middleware.logging_middleware:dispatch:59 - request_completed
2026-06-22 10:35:58.095 | INFO     | app.middleware.logging_middleware:dispatch:59 - request_completed
2026-06-22 10:35:58.114 | INFO     | app.middleware.logging_middleware:dispatch:59 - request_completed
2026-06-22 10:35:58.180 | INFO     | app.middleware.logging_middleware:dispatch:59 - request_completed
2026-06-22 10:35:58.195 | INFO     | app.middleware.logging_middleware:dispatch:59 - request_completed
2026-06-22 10:35:58.196 | INFO     | app.middleware.logging_middleware:dispatch:59 - request_completed
2026-06-22 10:35:58.200 | INFO     | app.middleware.logging_middleware:dispatch:59 - request_completed
2026-06-22 10:35:58.205 | INFO     | app.middleware.logging_middleware:dispatch:59 - request_completed
2026-06-22 10:35:58.208 | INFO     | app.middleware.logging_middleware:dispatch:59 - request_completed
2026-06-22 10:35:58.245 | INFO     | app.middleware.logging_middleware:dispatch:59 - request_completed
2026-06-22 10:35:58.289 | INFO     | app.middleware.logging_middleware:dispatch:59 - request_completed
2026-06-22 10:36:19.301 | INFO     | app.middleware.logging_middleware:dispatch:59 - request_completed
2026-06-22 10:36:19.661 | INFO     | app.middleware.logging_middleware:dispatch:59 - request_completed
2026-06-22 10:36:19.716 | INFO     | app.middleware.logging_middleware:dispatch:59 - request_completed
2026-06-22 10:36:19.739 | INFO     | app.middleware.logging_middleware:dispatch:59 - request_completed
2026-06-22 10:36:19.802 | INFO     | app.middleware.logging_middleware:dispatch:59 - request_completed
2026-06-22 10:36:19.811 | INFO     | app.middleware.logging_middleware:dispatch:59 - request_completed
2026-06-22 10:36:19.824 | INFO     | app.middleware.logging_middleware:dispatch:59 - request_completed
2026-06-22 10:36:19.836 | INFO     | app.middleware.logging_middleware:dispatch:59 - request_completed
2026-06-22 10:36:19.840 | INFO     | app.middleware.logging_middleware:dispatch:59 - request_completed
2026-06-22 10:36:19.844 | INFO     | app.middleware.logging_middleware:dispatch:59 - request_completed
2026-06-22 10:36:19.869 | INFO     | app.middleware.logging_middleware:dispatch:59 - request_completed
2026-06-22 10:36:19.932 | INFO     | app.middleware.logging_middleware:dispatch:59 - request_completed
2026-06-22 10:36:24.485 | INFO     | app.middleware.logging_middleware:dispatch:59 - request_completed
2026-06-22 10:36:24.491 | INFO     | app.middleware.logging_middleware:dispatch:59 - request_completed
2026-06-22 10:36:24.497 | INFO     | app.middleware.logging_middleware:dispatch:59 - request_completed
2026-06-22 10:36:24.514 | INFO     | app.middleware.logging_middleware:dispatch:59 - request_completed
2026-06-22 10:36:25.622 | INFO     | app.middleware.logging_middleware:dispatch:59 - request_completed
2026-06-22 10:36:25.637 | INFO     | app.middleware.logging_middleware:dispatch:59 - request_completed
2026-06-22 10:36:25.639 | INFO     | app.middleware.logging_middleware:dispatch:59 - request_completed
2026-06-22 10:36:25.673 | INFO     | app.middleware.logging_middleware:dispatch:59 - request_completed
2026-06-22 10:36:26.332 | INFO     | app.middleware.logging_middleware:dispatch:59 - request_completed
2026-06-22 10:36:31.125 | INFO     | app.middleware.logging_middleware:dispatch:59 - request_completed
2026-06-22 10:36:32.744 | INFO     | app.middleware.logging_middleware:dispatch:59 - request_completed
2026-06-22 10:36:32.751 | INFO     | app.middleware.logging_middleware:dispatch:59 - request_completed
2026-06-22 10:36:32.771 | INFO     | app.middleware.logging_middleware:dispatch:59 - request_completed
2026-06-22 10:36:33.946 | INFO     | app.middleware.logging_middleware:dispatch:59 - request_completed
2026-06-22 10:36:34.010 | INFO     | app.middleware.logging_middleware:dispatch:59 - request_completed
2026-06-22 10:36:34.020 | INFO     | app.middleware.logging_middleware:dispatch:59 - request_completed
2026-06-22 10:36:34.732 | INFO     | app.middleware.logging_middleware:dispatch:59 - request_completed
2026-06-22 10:36:34.794 | INFO     | app.middleware.logging_middleware:dispatch:59 - request_completed
2026-06-22 10:36:34.823 | INFO     | app.middleware.logging_middleware:dispatch:59 - request_completed
2026-06-22 10:36:36.405 | INFO     | app.middleware.logging_middleware:dispatch:59 - request_completed
2026-06-22 10:36:38.335 | INFO     | app.middleware.logging_middleware:dispatch:59 - request_completed
2026-06-22 10:36:40.882 | INFO     | app.middleware.logging_middleware:dispatch:59 - request_completed
2026-06-22 10:36:40.896 | INFO     | app.middleware.logging_middleware:dispatch:59 - request_completed
2026-06-22 10:36:40.993 | INFO     | app.middleware.logging_middleware:dispatch:59 - request_completed
2026-06-22 10:36:41.084 | INFO     | app.middleware.logging_middleware:dispatch:59 - request_completed
2026-06-22 10:36:43.628 | INFO     | app.middleware.logging_middleware:dispatch:59 - request_completed
2026-06-22 10:36:43.639 | INFO     | app.middleware.logging_middleware:dispatch:59 - request_completed
2026-06-22 10:36:45.616 | INFO     | app.middleware.logging_middleware:dispatch:59 - request_completed
2026-06-22 10:36:45.645 | INFO     | app.middleware.logging_middleware:dispatch:59 - request_completed
2026-06-22 10:37:00.778 | INFO     | app.middleware.logging_middleware:dispatch:59 - request_completed
2026-06-22 10:37:09.453 | INFO     | app.middleware.logging_middleware:dispatch:59 - request_completed
2026-06-22 10:37:09.486 | INFO     | app.middleware.logging_middleware:dispatch:59 - request_completed
2026-06-22 10:37:53.425 | INFO     | app.middleware.logging_middleware:dispatch:59 - request_completed
2026-06-22 10:37:53.453 | INFO     | app.middleware.logging_middleware:dispatch:59 - request_completed
2026-06-22 10:38:46.454 | INFO     | app.middleware.logging_middleware:dispatch:59 - request_completed
2026-06-22 10:38:47.009 | INFO     | app.middleware.logging_middleware:dispatch:59 - request_completed
2026-06-22 10:38:47.060 | INFO     | app.middleware.logging_middleware:dispatch:59 - request_completed
2026-06-22 10:38:47.090 | INFO     | app.middleware.logging_middleware:dispatch:59 - request_completed
2026-06-22 10:38:47.150 | INFO     | app.middleware.logging_middleware:dispatch:59 - request_completed
2026-06-22 10:38:47.164 | INFO     | app.middleware.logging_middleware:dispatch:59 - request_completed
2026-06-22 10:38:47.171 | INFO     | app.middleware.logging_middleware:dispatch:59 - request_completed
2026-06-22 10:38:47.173 | INFO     | app.middleware.logging_middleware:dispatch:59 - request_completed
2026-06-22 10:38:47.187 | INFO     | app.middleware.logging_middleware:dispatch:59 - request_completed
2026-06-22 10:38:47.194 | INFO     | app.middleware.logging_middleware:dispatch:59 - request_completed
2026-06-22 10:38:47.239 | INFO     | app.middleware.logging_middleware:dispatch:59 - request_completed
2026-06-22 10:38:47.278 | INFO     | app.middleware.logging_middleware:dispatch:59 - request_completed
2026-06-22 10:41:00.735 | INFO     | app.middleware.logging_middleware:dispatch:59 - request_completed
2026-06-22 10:41:00.746 | INFO     | app.middleware.logging_middleware:dispatch:59 - request_completed
2026-06-22 10:41:00.747 | INFO     | app.middleware.logging_middleware:dispatch:59 - request_completed
2026-06-22 10:41:00.777 | INFO     | app.middleware.logging_middleware:dispatch:59 - request_completed
2026-06-22 10:41:02.582 | INFO     | app.middleware.logging_middleware:dispatch:59 - request_completed
2026-06-22 10:41:02.584 | INFO     | app.middleware.logging_middleware:dispatch:59 - request_completed
2026-06-22 10:41:02.597 | INFO     | app.middleware.logging_middleware:dispatch:59 - request_completed
2026-06-22 10:41:02.624 | INFO     | app.middleware.logging_middleware:dispatch:59 - request_completed
2026-06-22 10:41:04.065 | INFO     | app.middleware.logging_middleware:dispatch:59 - request_completed
2026-06-22 10:41:05.142 | INFO     | app.middleware.logging_middleware:dispatch:59 - request_completed
2026-06-22 10:41:08.143 | INFO     | app.middleware.logging_middleware:dispatch:59 - request_completed
2026-06-22 10:41:08.152 | INFO     | app.middleware.logging_middleware:dispatch:59 - request_completed
2026-06-22 10:41:08.167 | INFO     | app.middleware.logging_middleware:dispatch:59 - request_completed
2026-06-22 10:41:09.674 | INFO     | app.middleware.logging_middleware:dispatch:59 - request_completed
2026-06-22 10:41:09.739 | INFO     | app.middleware.logging_middleware:dispatch:59 - request_completed
2026-06-22 10:41:09.749 | INFO     | app.middleware.logging_middleware:dispatch:59 - request_completed
2026-06-22 10:41:10.772 | INFO     | app.middleware.logging_middleware:dispatch:59 - request_completed
2026-06-22 10:41:10.843 | INFO     | app.middleware.logging_middleware:dispatch:59 - request_completed
2026-06-22 10:41:10.874 | INFO     | app.middleware.logging_middleware:dispatch:59 - request_completed
2026-06-22 10:41:12.634 | INFO     | app.middleware.logging_middleware:dispatch:59 - request_completed
2026-06-22 10:41:14.074 | INFO     | app.middleware.logging_middleware:dispatch:59 - request_completed
2026-06-22 10:41:16.665 | INFO     | app.middleware.logging_middleware:dispatch:59 - request_completed
2026-06-22 10:41:16.673 | INFO     | app.middleware.logging_middleware:dispatch:59 - request_completed
2026-06-22 10:41:16.775 | INFO     | app.middleware.logging_middleware:dispatch:59 - request_completed
2026-06-22 10:41:16.860 | INFO     | app.middleware.logging_middleware:dispatch:59 - request_completed
2026-06-22 10:41:21.610 | INFO     | app.middleware.logging_middleware:dispatch:59 - request_completed
2026-06-22 10:41:21.616 | INFO     | app.middleware.logging_middleware:dispatch:59 - request_completed
2026-06-22 10:41:23.832 | INFO     | app.middleware.logging_middleware:dispatch:59 - request_completed
2026-06-22 10:41:23.865 | INFO     | app.middleware.logging_middleware:dispatch:59 - request_completed
2026-06-22 10:41:25.725 | INFO     | app.middleware.logging_middleware:dispatch:59 - request_completed
2026-06-22 10:41:25.730 | INFO     | app.middleware.logging_middleware:dispatch:59 - request_completed
2026-06-22 10:41:47.052 | INFO     | app.middleware.logging_middleware:dispatch:59 - request_completed
2026-06-22 10:41:47.086 | INFO     | app.middleware.logging_middleware:dispatch:59 - request_completed
2026-06-22 10:42:15.314 | INFO     | app.middleware.logging_middleware:dispatch:59 - request_completed
2026-06-22 10:42:16.240 | INFO     | app.middleware.logging_middleware:dispatch:59 - request_completed
2026-06-22 10:42:16.706 | INFO     | app.middleware.logging_middleware:dispatch:59 - request_completed
2026-06-22 10:42:16.874 | INFO     | app.middleware.logging_middleware:dispatch:59 - request_completed
2026-06-22 10:42:17.052 | INFO     | app.middleware.logging_middleware:dispatch:59 - request_completed
2026-06-22 10:42:17.222 | INFO     | app.middleware.logging_middleware:dispatch:59 - request_completed
2026-06-22 10:42:17.399 | INFO     | app.middleware.logging_middleware:dispatch:59 - request_completed
2026-06-22 10:42:17.545 | INFO     | app.middleware.logging_middleware:dispatch:59 - request_completed
2026-06-22 10:42:21.778 | INFO     | app.middleware.logging_middleware:dispatch:59 - request_completed
2026-06-22 10:42:22.384 | INFO     | app.middleware.logging_middleware:dispatch:59 - request_completed
2026-06-22 10:42:22.908 | INFO     | app.middleware.logging_middleware:dispatch:59 - request_completed
2026-06-22 10:42:23.290 | INFO     | app.middleware.logging_middleware:dispatch:59 - request_completed
2026-06-22 10:42:23.482 | INFO     | app.middleware.logging_middleware:dispatch:59 - request_completed
2026-06-22 10:42:23.611 | INFO     | app.middleware.logging_middleware:dispatch:59 - request_completed
2026-06-22 10:46:28.514 | INFO     | app.middleware.logging_middleware:dispatch:59 - request_completed
2026-06-22 10:46:28.555 | INFO     | app.middleware.logging_middleware:dispatch:59 - request_completed
2026-06-22 10:46:28.577 | INFO     | app.middleware.logging_middleware:dispatch:59 - request_completed
2026-06-22 10:46:28.587 | INFO     | app.middleware.logging_middleware:dispatch:59 - request_completed
2026-06-22 10:46:28.639 | INFO     | app.middleware.logging_middleware:dispatch:59 - request_completed
2026-06-22 10:46:28.642 | INFO     | app.middleware.logging_middleware:dispatch:59 - request_completed
2026-06-22 10:46:28.645 | INFO     | app.middleware.logging_middleware:dispatch:59 - request_completed
2026-06-22 10:46:28.651 | INFO     | app.middleware.logging_middleware:dispatch:59 - request_completed
2026-06-22 10:46:28.654 | INFO     | app.middleware.logging_middleware:dispatch:59 - request_completed
2026-06-22 10:46:28.682 | INFO     | app.middleware.logging_middleware:dispatch:59 - request_completed
2026-06-22 10:46:28.753 | INFO     | app.middleware.logging_middleware:dispatch:59 - request_completed
2026-06-22 10:46:31.033 | INFO     | app.middleware.logging_middleware:dispatch:59 - request_completed
2026-06-22 10:46:31.073 | INFO     | app.middleware.logging_middleware:dispatch:59 - request_completed
2026-06-22 10:46:31.083 | INFO     | app.middleware.logging_middleware:dispatch:59 - request_completed
2026-06-22 10:46:31.142 | INFO     | app.middleware.logging_middleware:dispatch:59 - request_completed
2026-06-22 10:46:31.147 | INFO     | app.middleware.logging_middleware:dispatch:59 - request_completed
2026-06-22 10:46:31.149 | INFO     | app.middleware.logging_middleware:dispatch:59 - request_completed
2026-06-22 10:46:31.153 | INFO     | app.middleware.logging_middleware:dispatch:59 - request_completed
2026-06-22 10:46:31.153 | INFO     | app.middleware.logging_middleware:dispatch:59 - request_completed
2026-06-22 10:46:31.157 | INFO     | app.middleware.logging_middleware:dispatch:59 - request_completed
2026-06-22 10:46:31.193 | INFO     | app.middleware.logging_middleware:dispatch:59 - request_completed
2026-06-22 10:46:31.236 | INFO     | app.middleware.logging_middleware:dispatch:59 - request_completed
2026-06-22 10:46:31.813 | INFO     | app.middleware.logging_middleware:dispatch:59 - request_completed
2026-06-22 10:46:31.850 | INFO     | app.middleware.logging_middleware:dispatch:59 - request_completed
2026-06-22 10:46:31.862 | INFO     | app.middleware.logging_middleware:dispatch:59 - request_completed
2026-06-22 10:46:31.921 | INFO     | app.middleware.logging_middleware:dispatch:59 - request_completed
2026-06-22 10:46:31.926 | INFO     | app.middleware.logging_middleware:dispatch:59 - request_completed
2026-06-22 10:46:31.928 | INFO     | app.middleware.logging_middleware:dispatch:59 - request_completed
2026-06-22 10:46:31.934 | INFO     | app.middleware.logging_middleware:dispatch:59 - request_completed
2026-06-22 10:46:31.935 | INFO     | app.middleware.logging_middleware:dispatch:59 - request_completed
2026-06-22 10:46:31.938 | INFO     | app.middleware.logging_middleware:dispatch:59 - request_completed
2026-06-22 10:46:31.974 | INFO     | app.middleware.logging_middleware:dispatch:59 - request_completed
2026-06-22 10:46:32.027 | INFO     | app.middleware.logging_middleware:dispatch:59 - request_completed
2026-06-22 10:46:32.782 | INFO     | app.middleware.logging_middleware:dispatch:59 - request_completed
2026-06-22 10:46:32.821 | INFO     | app.middleware.logging_middleware:dispatch:59 - request_completed
2026-06-22 10:46:32.831 | INFO     | app.middleware.logging_middleware:dispatch:59 - request_completed
2026-06-22 10:46:32.894 | INFO     | app.middleware.logging_middleware:dispatch:59 - request_completed
2026-06-22 10:46:32.896 | INFO     | app.middleware.logging_middleware:dispatch:59 - request_completed
2026-06-22 10:46:32.897 | INFO     | app.middleware.logging_middleware:dispatch:59 - request_completed
2026-06-22 10:46:32.903 | INFO     | app.middleware.logging_middleware:dispatch:59 - request_completed
2026-06-22 10:46:32.904 | INFO     | app.middleware.logging_middleware:dispatch:59 - request_completed
2026-06-22 10:46:32.909 | INFO     | app.middleware.logging_middleware:dispatch:59 - request_completed
2026-06-22 10:46:32.939 | INFO     | app.middleware.logging_middleware:dispatch:59 - request_completed
2026-06-22 10:46:32.990 | INFO     | app.middleware.logging_middleware:dispatch:59 - request_completed
2026-06-22 10:46:36.803 | INFO     | app.middleware.logging_middleware:dispatch:59 - request_completed
2026-06-22 10:46:36.842 | INFO     | app.middleware.logging_middleware:dispatch:59 - request_completed
2026-06-22 10:46:36.855 | INFO     | app.middleware.logging_middleware:dispatch:59 - request_completed
2026-06-22 10:46:36.913 | INFO     | app.middleware.logging_middleware:dispatch:59 - request_completed
2026-06-22 10:46:36.919 | INFO     | app.middleware.logging_middleware:dispatch:59 - request_completed
2026-06-22 10:46:36.925 | INFO     | app.middleware.logging_middleware:dispatch:59 - request_completed
2026-06-22 10:46:36.929 | INFO     | app.middleware.logging_middleware:dispatch:59 - request_completed
2026-06-22 10:46:36.932 | INFO     | app.middleware.logging_middleware:dispatch:59 - request_completed
2026-06-22 10:46:36.946 | INFO     | app.middleware.logging_middleware:dispatch:59 - request_completed
2026-06-22 10:46:36.963 | INFO     | app.middleware.logging_middleware:dispatch:59 - request_completed
2026-06-22 10:46:37.020 | INFO     | app.middleware.logging_middleware:dispatch:59 - request_completed
2026-06-22 10:46:37.335 | INFO     | app.middleware.logging_middleware:dispatch:59 - request_completed
2026-06-22 10:46:37.375 | INFO     | app.middleware.logging_middleware:dispatch:59 - request_completed
2026-06-22 10:46:37.388 | INFO     | app.middleware.logging_middleware:dispatch:59 - request_completed
2026-06-22 10:46:37.452 | INFO     | app.middleware.logging_middleware:dispatch:59 - request_completed
2026-06-22 10:46:37.454 | INFO     | app.middleware.logging_middleware:dispatch:59 - request_completed
2026-06-22 10:46:37.455 | INFO     | app.middleware.logging_middleware:dispatch:59 - request_completed
2026-06-22 10:46:37.458 | INFO     | app.middleware.logging_middleware:dispatch:59 - request_completed
2026-06-22 10:46:37.462 | INFO     | app.middleware.logging_middleware:dispatch:59 - request_completed
2026-06-22 10:46:37.551 | INFO     | app.middleware.logging_middleware:dispatch:59 - request_completed
2026-06-22 10:46:37.671 | INFO     | app.middleware.logging_middleware:dispatch:59 - request_completed
2026-06-22 10:46:37.687 | INFO     | app.middleware.logging_middleware:dispatch:59 - request_completed
2026-06-22 10:46:37.708 | INFO     | app.middleware.logging_middleware:dispatch:59 - request_completed
2026-06-22 10:46:37.715 | INFO     | app.middleware.logging_middleware:dispatch:59 - request_completed
2026-06-22 10:46:37.783 | INFO     | app.middleware.logging_middleware:dispatch:59 - request_completed
2026-06-22 10:46:37.786 | INFO     | app.middleware.logging_middleware:dispatch:59 - request_completed
2026-06-22 10:46:37.787 | INFO     | app.middleware.logging_middleware:dispatch:59 - request_completed
2026-06-22 10:46:37.794 | INFO     | app.middleware.logging_middleware:dispatch:59 - request_completed
2026-06-22 10:46:37.795 | INFO     | app.middleware.logging_middleware:dispatch:59 - request_completed
2026-06-22 10:46:37.796 | INFO     | app.middleware.logging_middleware:dispatch:59 - request_completed
2026-06-22 10:46:37.835 | INFO     | app.middleware.logging_middleware:dispatch:59 - request_completed
2026-06-22 10:46:37.886 | INFO     | app.middleware.logging_middleware:dispatch:59 - request_completed
2026-06-22 10:46:38.054 | INFO     | app.middleware.logging_middleware:dispatch:59 - request_completed
2026-06-22 10:46:38.093 | INFO     | app.middleware.logging_middleware:dispatch:59 - request_completed
2026-06-22 10:46:38.105 | INFO     | app.middleware.logging_middleware:dispatch:59 - request_completed
2026-06-22 10:46:38.167 | INFO     | app.middleware.logging_middleware:dispatch:59 - request_completed
2026-06-22 10:46:38.173 | INFO     | app.middleware.logging_middleware:dispatch:59 - request_completed
2026-06-22 10:46:38.174 | INFO     | app.middleware.logging_middleware:dispatch:59 - request_completed
2026-06-22 10:46:38.183 | INFO     | app.middleware.logging_middleware:dispatch:59 - request_completed
2026-06-22 10:46:38.186 | INFO     | app.middleware.logging_middleware:dispatch:59 - request_completed
2026-06-22 10:46:38.187 | INFO     | app.middleware.logging_middleware:dispatch:59 - request_completed
2026-06-22 10:46:38.228 | INFO     | app.middleware.logging_middleware:dispatch:59 - request_completed
2026-06-22 10:46:38.257 | INFO     | app.middleware.logging_middleware:dispatch:59 - request_completed
2026-06-22 10:46:38.482 | INFO     | app.middleware.logging_middleware:dispatch:59 - request_completed
2026-06-22 10:46:38.519 | INFO     | app.middleware.logging_middleware:dispatch:59 - request_completed
2026-06-22 10:46:38.528 | INFO     | app.middleware.logging_middleware:dispatch:59 - request_completed
2026-06-22 10:46:38.586 | INFO     | app.middleware.logging_middleware:dispatch:59 - request_completed
2026-06-22 10:46:38.589 | INFO     | app.middleware.logging_middleware:dispatch:59 - request_completed
2026-06-22 10:46:38.593 | INFO     | app.middleware.logging_middleware:dispatch:59 - request_completed
2026-06-22 10:46:38.601 | INFO     | app.middleware.logging_middleware:dispatch:59 - request_completed
2026-06-22 10:46:38.604 | INFO     | app.middleware.logging_middleware:dispatch:59 - request_completed
2026-06-22 10:46:38.607 | INFO     | app.middleware.logging_middleware:dispatch:59 - request_completed
2026-06-22 10:46:38.630 | INFO     | app.middleware.logging_middleware:dispatch:59 - request_completed
2026-06-22 10:46:38.689 | INFO     | app.middleware.logging_middleware:dispatch:59 - request_completed
2026-06-22 10:46:38.867 | INFO     | app.middleware.logging_middleware:dispatch:59 - request_completed
2026-06-22 10:46:38.905 | INFO     | app.middleware.logging_middleware:dispatch:59 - request_completed
2026-06-22 10:46:38.920 | INFO     | app.middleware.logging_middleware:dispatch:59 - request_completed
2026-06-22 10:46:38.979 | INFO     | app.middleware.logging_middleware:dispatch:59 - request_completed
2026-06-22 10:46:38.980 | INFO     | app.middleware.logging_middleware:dispatch:59 - request_completed
2026-06-22 10:46:38.986 | INFO     | app.middleware.logging_middleware:dispatch:59 - request_completed
2026-06-22 10:46:38.988 | INFO     | app.middleware.logging_middleware:dispatch:59 - request_completed
2026-06-22 10:46:38.992 | INFO     | app.middleware.logging_middleware:dispatch:59 - request_completed
2026-06-22 10:46:38.994 | INFO     | app.middleware.logging_middleware:dispatch:59 - request_completed
2026-06-22 10:46:39.018 | INFO     | app.middleware.logging_middleware:dispatch:59 - request_completed
2026-06-22 10:46:39.093 | INFO     | app.middleware.logging_middleware:dispatch:59 - request_completed
2026-06-22 10:46:39.287 | INFO     | app.middleware.logging_middleware:dispatch:59 - request_completed
2026-06-22 10:46:39.327 | INFO     | app.middleware.logging_middleware:dispatch:59 - request_completed
2026-06-22 10:46:39.334 | INFO     | app.middleware.logging_middleware:dispatch:59 - request_completed
2026-06-22 10:46:39.400 | INFO     | app.middleware.logging_middleware:dispatch:59 - request_completed
2026-06-22 10:46:39.408 | INFO     | app.middleware.logging_middleware:dispatch:59 - request_completed
2026-06-22 10:46:39.409 | INFO     | app.middleware.logging_middleware:dispatch:59 - request_completed
2026-06-22 10:46:39.410 | INFO     | app.middleware.logging_middleware:dispatch:59 - request_completed
2026-06-22 10:46:39.411 | INFO     | app.middleware.logging_middleware:dispatch:59 - request_completed
2026-06-22 10:46:39.418 | INFO     | app.middleware.logging_middleware:dispatch:59 - request_completed
2026-06-22 10:46:39.452 | INFO     | app.middleware.logging_middleware:dispatch:59 - request_completed
2026-06-22 10:46:39.500 | INFO     | app.middleware.logging_middleware:dispatch:59 - request_completed
2026-06-22 10:46:39.675 | INFO     | app.middleware.logging_middleware:dispatch:59 - request_completed
2026-06-22 10:46:39.712 | INFO     | app.middleware.logging_middleware:dispatch:59 - request_completed
2026-06-22 10:46:39.720 | INFO     | app.middleware.logging_middleware:dispatch:59 - request_completed
2026-06-22 10:46:39.791 | INFO     | app.middleware.logging_middleware:dispatch:59 - request_completed
2026-06-22 10:46:39.794 | INFO     | app.middleware.logging_middleware:dispatch:59 - request_completed
2026-06-22 10:46:39.796 | INFO     | app.middleware.logging_middleware:dispatch:59 - request_completed
2026-06-22 10:46:39.800 | INFO     | app.middleware.logging_middleware:dispatch:59 - request_completed
2026-06-22 10:46:39.803 | INFO     | app.middleware.logging_middleware:dispatch:59 - request_completed
2026-06-22 10:46:39.809 | INFO     | app.middleware.logging_middleware:dispatch:59 - request_completed
2026-06-22 10:46:39.842 | INFO     | app.middleware.logging_middleware:dispatch:59 - request_completed
2026-06-22 10:46:39.887 | INFO     | app.middleware.logging_middleware:dispatch:59 - request_completed
2026-06-22 10:46:40.089 | INFO     | app.middleware.logging_middleware:dispatch:59 - request_completed
2026-06-22 10:46:40.128 | INFO     | app.middleware.logging_middleware:dispatch:59 - request_completed
2026-06-22 10:46:40.141 | INFO     | app.middleware.logging_middleware:dispatch:59 - request_completed
2026-06-22 10:46:40.203 | INFO     | app.middleware.logging_middleware:dispatch:59 - request_completed
2026-06-22 10:46:40.205 | INFO     | app.middleware.logging_middleware:dispatch:59 - request_completed
2026-06-22 10:46:40.206 | INFO     | app.middleware.logging_middleware:dispatch:59 - request_completed
2026-06-22 10:46:40.211 | INFO     | app.middleware.logging_middleware:dispatch:59 - request_completed
2026-06-22 10:46:40.213 | INFO     | app.middleware.logging_middleware:dispatch:59 - request_completed
2026-06-22 10:46:40.220 | INFO     | app.middleware.logging_middleware:dispatch:59 - request_completed
2026-06-22 10:46:40.252 | INFO     | app.middleware.logging_middleware:dispatch:59 - request_completed
2026-06-22 10:46:40.304 | INFO     | app.middleware.logging_middleware:dispatch:59 - request_completed
2026-06-22 10:46:40.502 | INFO     | app.middleware.logging_middleware:dispatch:59 - request_completed
2026-06-22 10:46:40.544 | INFO     | app.middleware.logging_middleware:dispatch:59 - request_completed
2026-06-22 10:46:40.563 | INFO     | app.middleware.logging_middleware:dispatch:59 - request_completed
2026-06-22 10:46:40.622 | INFO     | app.middleware.logging_middleware:dispatch:59 - request_completed
2026-06-22 10:46:40.624 | INFO     | app.middleware.logging_middleware:dispatch:59 - request_completed
2026-06-22 10:46:40.629 | INFO     | app.middleware.logging_middleware:dispatch:59 - request_completed
2026-06-22 10:46:40.634 | INFO     | app.middleware.logging_middleware:dispatch:59 - request_completed
2026-06-22 10:46:40.639 | INFO     | app.middleware.logging_middleware:dispatch:59 - request_completed
2026-06-22 10:46:40.642 | INFO     | app.middleware.logging_middleware:dispatch:59 - request_completed
2026-06-22 10:46:40.663 | INFO     | app.middleware.logging_middleware:dispatch:59 - request_completed
2026-06-22 10:46:40.718 | INFO     | app.middleware.logging_middleware:dispatch:59 - request_completed
2026-06-22 10:46:40.962 | INFO     | app.middleware.logging_middleware:dispatch:59 - request_completed
2026-06-22 10:46:41.005 | INFO     | app.middleware.logging_middleware:dispatch:59 - request_completed
2026-06-22 10:46:41.021 | INFO     | app.middleware.logging_middleware:dispatch:59 - request_completed
2026-06-22 10:46:41.080 | INFO     | app.middleware.logging_middleware:dispatch:59 - request_completed
2026-06-22 10:46:41.086 | INFO     | app.middleware.logging_middleware:dispatch:59 - request_completed
2026-06-22 10:46:41.093 | INFO     | app.middleware.logging_middleware:dispatch:59 - request_completed
2026-06-22 10:46:41.096 | INFO     | app.middleware.logging_middleware:dispatch:59 - request_completed
2026-06-22 10:46:41.098 | INFO     | app.middleware.logging_middleware:dispatch:59 - request_completed
2026-06-22 10:46:41.182 | INFO     | app.middleware.logging_middleware:dispatch:59 - request_completed
2026-06-22 10:46:41.370 | INFO     | app.middleware.logging_middleware:dispatch:59 - request_completed
2026-06-22 10:46:41.412 | INFO     | app.middleware.logging_middleware:dispatch:59 - request_completed
2026-06-22 10:46:41.431 | INFO     | app.middleware.logging_middleware:dispatch:59 - request_completed
2026-06-22 10:46:41.491 | INFO     | app.middleware.logging_middleware:dispatch:59 - request_completed
2026-06-22 10:46:41.496 | INFO     | app.middleware.logging_middleware:dispatch:59 - request_completed
2026-06-22 10:46:41.500 | INFO     | app.middleware.logging_middleware:dispatch:59 - request_completed
2026-06-22 10:46:41.507 | INFO     | app.middleware.logging_middleware:dispatch:59 - request_completed
2026-06-22 10:46:41.509 | INFO     | app.middleware.logging_middleware:dispatch:59 - request_completed
2026-06-22 10:46:41.591 | INFO     | app.middleware.logging_middleware:dispatch:59 - request_completed
2026-06-22 10:46:41.770 | INFO     | app.middleware.logging_middleware:dispatch:59 - request_completed
2026-06-22 10:46:41.811 | INFO     | app.middleware.logging_middleware:dispatch:59 - request_completed
2026-06-22 10:46:41.824 | INFO     | app.middleware.logging_middleware:dispatch:59 - request_completed
2026-06-22 10:46:41.883 | INFO     | app.middleware.logging_middleware:dispatch:59 - request_completed
2026-06-22 10:46:41.884 | INFO     | app.middleware.logging_middleware:dispatch:59 - request_completed
2026-06-22 10:46:41.891 | INFO     | app.middleware.logging_middleware:dispatch:59 - request_completed
2026-06-22 10:46:41.892 | INFO     | app.middleware.logging_middleware:dispatch:59 - request_completed
2026-06-22 10:46:41.897 | INFO     | app.middleware.logging_middleware:dispatch:59 - request_completed
2026-06-22 10:46:41.905 | INFO     | app.middleware.logging_middleware:dispatch:59 - request_completed
2026-06-22 10:46:41.991 | INFO     | app.middleware.logging_middleware:dispatch:59 - request_completed
2026-06-22 10:46:42.177 | INFO     | app.middleware.logging_middleware:dispatch:59 - request_completed
2026-06-22 10:46:42.220 | INFO     | app.middleware.logging_middleware:dispatch:59 - request_completed
2026-06-22 10:46:42.233 | INFO     | app.middleware.logging_middleware:dispatch:59 - request_completed
2026-06-22 10:46:42.277 | INFO     | app.middleware.logging_middleware:dispatch:59 - request_completed
2026-06-22 10:46:42.295 | INFO     | app.middleware.logging_middleware:dispatch:59 - request_completed
2026-06-22 10:46:42.307 | INFO     | app.middleware.logging_middleware:dispatch:59 - request_completed
2026-06-22 10:46:42.309 | INFO     | app.middleware.logging_middleware:dispatch:59 - request_completed
2026-06-22 10:46:42.310 | INFO     | app.middleware.logging_middleware:dispatch:59 - request_completed
2026-06-22 10:46:42.316 | INFO     | app.middleware.logging_middleware:dispatch:59 - request_completed
2026-06-22 10:46:42.405 | INFO     | app.middleware.logging_middleware:dispatch:59 - request_completed
2026-06-22 10:46:42.573 | INFO     | app.middleware.logging_middleware:dispatch:59 - request_completed
2026-06-22 10:46:42.683 | INFO     | app.middleware.logging_middleware:dispatch:59 - request_completed
2026-06-22 10:46:43.148 | INFO     | app.middleware.logging_middleware:dispatch:59 - request_completed
2026-06-22 10:46:43.189 | INFO     | app.middleware.logging_middleware:dispatch:59 - request_completed
2026-06-22 10:46:43.205 | INFO     | app.middleware.logging_middleware:dispatch:59 - request_completed
2026-06-22 10:46:43.263 | INFO     | app.middleware.logging_middleware:dispatch:59 - request_completed
2026-06-22 10:46:43.268 | INFO     | app.middleware.logging_middleware:dispatch:59 - request_completed
2026-06-22 10:46:43.273 | INFO     | app.middleware.logging_middleware:dispatch:59 - request_completed
2026-06-22 10:46:43.285 | INFO     | app.middleware.logging_middleware:dispatch:59 - request_completed
2026-06-22 10:46:43.286 | INFO     | app.middleware.logging_middleware:dispatch:59 - request_completed
2026-06-22 10:46:43.287 | INFO     | app.middleware.logging_middleware:dispatch:59 - request_completed
2026-06-22 10:46:43.324 | INFO     | app.middleware.logging_middleware:dispatch:59 - request_completed
2026-06-22 10:46:43.386 | INFO     | app.middleware.logging_middleware:dispatch:59 - request_completed
2026-06-22 10:46:43.638 | INFO     | app.middleware.logging_middleware:dispatch:59 - request_completed
2026-06-22 10:46:43.681 | INFO     | app.middleware.logging_middleware:dispatch:59 - request_completed
2026-06-22 10:46:44.033 | INFO     | app.middleware.logging_middleware:dispatch:59 - request_completed
2026-06-22 10:46:44.079 | INFO     | app.middleware.logging_middleware:dispatch:59 - request_completed
2026-06-22 10:46:44.419 | INFO     | app.middleware.logging_middleware:dispatch:59 - request_completed
2026-06-22 10:46:44.459 | INFO     | app.middleware.logging_middleware:dispatch:59 - request_completed
2026-06-22 10:46:44.885 | INFO     | app.middleware.logging_middleware:dispatch:59 - request_completed
2026-06-22 10:46:45.221 | INFO     | app.middleware.logging_middleware:dispatch:59 - request_completed
2026-06-22 10:46:45.264 | INFO     | app.middleware.logging_middleware:dispatch:59 - request_completed
2026-06-22 10:46:45.281 | INFO     | app.middleware.logging_middleware:dispatch:59 - request_completed
2026-06-22 10:46:45.307 | INFO     | app.middleware.logging_middleware:dispatch:59 - request_completed
2026-06-22 10:46:45.358 | INFO     | app.middleware.logging_middleware:dispatch:59 - request_completed
2026-06-22 10:46:45.360 | INFO     | app.middleware.logging_middleware:dispatch:59 - request_completed
2026-06-22 10:46:45.367 | INFO     | app.middleware.logging_middleware:dispatch:59 - request_completed
2026-06-22 10:46:45.368 | INFO     | app.middleware.logging_middleware:dispatch:59 - request_completed
2026-06-22 10:46:45.370 | INFO     | app.middleware.logging_middleware:dispatch:59 - request_completed
2026-06-22 10:46:45.462 | INFO     | app.middleware.logging_middleware:dispatch:59 - request_completed
2026-06-22 10:46:45.614 | INFO     | app.middleware.logging_middleware:dispatch:59 - request_completed
2026-06-22 10:46:45.655 | INFO     | app.middleware.logging_middleware:dispatch:59 - request_completed
2026-06-22 10:46:45.663 | INFO     | app.middleware.logging_middleware:dispatch:59 - request_completed
2026-06-22 10:46:45.681 | INFO     | app.middleware.logging_middleware:dispatch:59 - request_completed
2026-06-22 10:46:45.735 | INFO     | app.middleware.logging_middleware:dispatch:59 - request_completed
2026-06-22 10:46:45.739 | INFO     | app.middleware.logging_middleware:dispatch:59 - request_completed
2026-06-22 10:46:45.740 | INFO     | app.middleware.logging_middleware:dispatch:59 - request_completed
2026-06-22 10:46:45.747 | INFO     | app.middleware.logging_middleware:dispatch:59 - request_completed
2026-06-22 10:46:45.752 | INFO     | app.middleware.logging_middleware:dispatch:59 - request_completed
2026-06-22 10:46:45.753 | INFO     | app.middleware.logging_middleware:dispatch:59 - request_completed
2026-06-22 10:46:45.836 | INFO     | app.middleware.logging_middleware:dispatch:59 - request_completed
2026-06-22 10:46:46.031 | INFO     | app.middleware.logging_middleware:dispatch:59 - request_completed
2026-06-22 10:46:46.072 | INFO     | app.middleware.logging_middleware:dispatch:59 - request_completed
2026-06-22 10:46:46.393 | INFO     | app.middleware.logging_middleware:dispatch:59 - request_completed
2026-06-22 10:46:46.434 | INFO     | app.middleware.logging_middleware:dispatch:59 - request_completed
2026-06-22 10:46:46.446 | INFO     | app.middleware.logging_middleware:dispatch:59 - request_completed
2026-06-22 10:46:46.493 | INFO     | app.middleware.logging_middleware:dispatch:59 - request_completed
2026-06-22 10:46:46.508 | INFO     | app.middleware.logging_middleware:dispatch:59 - request_completed
2026-06-22 10:46:46.508 | INFO     | app.middleware.logging_middleware:dispatch:59 - request_completed
2026-06-22 10:46:46.514 | INFO     | app.middleware.logging_middleware:dispatch:59 - request_completed
2026-06-22 10:46:46.515 | INFO     | app.middleware.logging_middleware:dispatch:59 - request_completed
2026-06-22 10:46:46.519 | INFO     | app.middleware.logging_middleware:dispatch:59 - request_completed
2026-06-22 10:46:46.527 | INFO     | app.middleware.logging_middleware:dispatch:59 - request_completed
2026-06-22 10:46:46.618 | INFO     | app.middleware.logging_middleware:dispatch:59 - request_completed
2026-06-22 10:46:46.802 | INFO     | app.middleware.logging_middleware:dispatch:59 - request_completed
2026-06-22 10:46:46.846 | INFO     | app.middleware.logging_middleware:dispatch:59 - request_completed
2026-06-22 10:46:46.862 | INFO     | app.middleware.logging_middleware:dispatch:59 - request_completed
2026-06-22 10:46:46.919 | INFO     | app.middleware.logging_middleware:dispatch:59 - request_completed
2026-06-22 10:46:46.928 | INFO     | app.middleware.logging_middleware:dispatch:59 - request_completed
2026-06-22 10:46:46.934 | INFO     | app.middleware.logging_middleware:dispatch:59 - request_completed
2026-06-22 10:46:46.941 | INFO     | app.middleware.logging_middleware:dispatch:59 - request_completed
2026-06-22 10:46:46.942 | INFO     | app.middleware.logging_middleware:dispatch:59 - request_completed
2026-06-22 10:46:46.943 | INFO     | app.middleware.logging_middleware:dispatch:59 - request_completed
2026-06-22 10:46:46.953 | INFO     | app.middleware.logging_middleware:dispatch:59 - request_completed
2026-06-22 10:46:47.029 | INFO     | app.middleware.logging_middleware:dispatch:59 - request_completed
2026-06-22 10:46:47.243 | INFO     | app.middleware.logging_middleware:dispatch:59 - request_completed
2026-06-22 10:46:47.283 | INFO     | app.middleware.logging_middleware:dispatch:59 - request_completed
2026-06-22 10:46:47.663 | INFO     | app.middleware.logging_middleware:dispatch:59 - request_completed
2026-06-22 10:46:48.051 | INFO     | app.middleware.logging_middleware:dispatch:59 - request_completed
2026-06-22 10:46:48.434 | INFO     | app.middleware.logging_middleware:dispatch:59 - request_completed
2026-06-22 10:46:48.839 | INFO     | app.middleware.logging_middleware:dispatch:59 - request_completed
2026-06-22 10:46:48.909 | INFO     | app.middleware.logging_middleware:dispatch:59 - request_completed
2026-06-22 10:46:49.305 | INFO     | app.middleware.logging_middleware:dispatch:59 - request_completed
2026-06-22 10:46:49.347 | INFO     | app.middleware.logging_middleware:dispatch:59 - request_completed
2026-06-22 10:46:49.374 | INFO     | app.middleware.logging_middleware:dispatch:59 - request_completed
2026-06-22 10:46:49.425 | INFO     | app.middleware.logging_middleware:dispatch:59 - request_completed
2026-06-22 10:46:49.436 | INFO     | app.middleware.logging_middleware:dispatch:59 - request_completed
2026-06-22 10:46:49.455 | INFO     | app.middleware.logging_middleware:dispatch:59 - request_completed
2026-06-22 10:46:49.461 | INFO     | app.middleware.logging_middleware:dispatch:59 - request_completed
2026-06-22 10:46:49.470 | INFO     | app.middleware.logging_middleware:dispatch:59 - request_completed
2026-06-22 10:46:49.478 | INFO     | app.middleware.logging_middleware:dispatch:59 - request_completed
2026-06-22 10:46:49.516 | INFO     | app.middleware.logging_middleware:dispatch:59 - request_completed
2026-06-22 10:46:49.575 | INFO     | app.middleware.logging_middleware:dispatch:59 - request_completed
2026-06-22 10:46:50.015 | INFO     | app.middleware.logging_middleware:dispatch:59 - request_completed
2026-06-22 10:46:50.414 | INFO     | app.middleware.logging_middleware:dispatch:59 - request_completed
2026-06-22 10:46:50.775 | INFO     | app.middleware.logging_middleware:dispatch:59 - request_completed
2026-06-22 10:46:50.817 | INFO     | app.middleware.logging_middleware:dispatch:59 - request_completed
2026-06-22 10:46:50.848 | INFO     | app.middleware.logging_middleware:dispatch:59 - request_completed
2026-06-22 10:46:51.138 | INFO     | app.middleware.logging_middleware:dispatch:59 - request_completed
2026-06-22 10:46:51.183 | INFO     | app.middleware.logging_middleware:dispatch:59 - request_completed
2026-06-22 10:46:51.200 | INFO     | app.middleware.logging_middleware:dispatch:59 - request_completed
2026-06-22 10:46:51.270 | INFO     | app.middleware.logging_middleware:dispatch:59 - request_completed
2026-06-22 10:46:51.303 | INFO     | app.middleware.logging_middleware:dispatch:59 - request_completed
2026-06-22 10:46:51.312 | INFO     | app.middleware.logging_middleware:dispatch:59 - request_completed
2026-06-22 10:46:51.315 | INFO     | app.middleware.logging_middleware:dispatch:59 - request_completed
2026-06-22 10:46:51.317 | INFO     | app.middleware.logging_middleware:dispatch:59 - request_completed
2026-06-22 10:46:51.324 | INFO     | app.middleware.logging_middleware:dispatch:59 - request_completed
2026-06-22 10:46:51.413 | INFO     | app.middleware.logging_middleware:dispatch:59 - request_completed
2026-06-22 10:46:51.625 | INFO     | app.middleware.logging_middleware:dispatch:59 - request_completed
2026-06-22 10:46:51.952 | INFO     | app.middleware.logging_middleware:dispatch:59 - request_completed
2026-06-22 10:46:51.991 | INFO     | app.middleware.logging_middleware:dispatch:59 - request_completed
2026-06-22 10:46:52.017 | INFO     | app.middleware.logging_middleware:dispatch:59 - request_completed
2026-06-22 10:46:52.037 | INFO     | app.middleware.logging_middleware:dispatch:59 - request_completed
2026-06-22 10:46:52.088 | INFO     | app.middleware.logging_middleware:dispatch:59 - request_completed
2026-06-22 10:46:52.096 | INFO     | app.middleware.logging_middleware:dispatch:59 - request_completed
2026-06-22 10:46:52.103 | INFO     | app.middleware.logging_middleware:dispatch:59 - request_completed
2026-06-22 10:46:52.104 | INFO     | app.middleware.logging_middleware:dispatch:59 - request_completed
2026-06-22 10:46:52.111 | INFO     | app.middleware.logging_middleware:dispatch:59 - request_completed
2026-06-22 10:46:52.200 | INFO     | app.middleware.logging_middleware:dispatch:59 - request_completed
2026-06-22 10:46:52.373 | INFO     | app.middleware.logging_middleware:dispatch:59 - request_completed
2026-06-22 10:46:52.417 | INFO     | app.middleware.logging_middleware:dispatch:59 - request_completed
2026-06-22 10:46:52.467 | INFO     | app.middleware.logging_middleware:dispatch:59 - request_completed
2026-06-22 10:46:52.495 | INFO     | app.middleware.logging_middleware:dispatch:59 - request_completed
2026-06-22 10:46:52.533 | INFO     | app.middleware.logging_middleware:dispatch:59 - request_completed
2026-06-22 10:46:52.539 | INFO     | app.middleware.logging_middleware:dispatch:59 - request_completed
2026-06-22 10:46:52.547 | INFO     | app.middleware.logging_middleware:dispatch:59 - request_completed
2026-06-22 10:46:52.548 | INFO     | app.middleware.logging_middleware:dispatch:59 - request_completed
2026-06-22 10:46:52.565 | INFO     | app.middleware.logging_middleware:dispatch:59 - request_completed
2026-06-22 10:46:52.646 | INFO     | app.middleware.logging_middleware:dispatch:59 - request_completed
2026-06-22 10:46:52.781 | INFO     | app.middleware.logging_middleware:dispatch:59 - request_completed
2026-06-22 10:46:53.097 | INFO     | app.middleware.logging_middleware:dispatch:59 - request_completed
2026-06-22 10:46:53.135 | INFO     | app.middleware.logging_middleware:dispatch:59 - request_completed
2026-06-22 10:46:53.146 | INFO     | app.middleware.logging_middleware:dispatch:59 - request_completed
2026-06-22 10:46:53.578 | INFO     | app.middleware.logging_middleware:dispatch:59 - request_completed
2026-06-22 10:46:53.601 | INFO     | app.middleware.logging_middleware:dispatch:59 - request_completed
2026-06-22 10:46:53.608 | INFO     | app.middleware.logging_middleware:dispatch:59 - request_completed
2026-06-22 10:46:53.626 | INFO     | app.middleware.logging_middleware:dispatch:59 - request_completed
2026-06-22 10:46:53.634 | INFO     | app.middleware.logging_middleware:dispatch:59 - request_completed
2026-06-22 10:46:53.636 | INFO     | app.middleware.logging_middleware:dispatch:59 - request_completed
2026-06-22 10:46:53.643 | INFO     | app.middleware.logging_middleware:dispatch:59 - request_completed
2026-06-22 10:46:53.750 | INFO     | app.middleware.logging_middleware:dispatch:59 - request_completed
2026-06-22 10:46:53.986 | INFO     | app.middleware.logging_middleware:dispatch:59 - request_completed
2026-06-22 10:46:54.296 | INFO     | app.middleware.logging_middleware:dispatch:59 - request_completed
2026-06-22 10:46:54.336 | INFO     | app.middleware.logging_middleware:dispatch:59 - request_completed
2026-06-22 10:46:54.355 | INFO     | app.middleware.logging_middleware:dispatch:59 - request_completed
2026-06-22 10:46:54.419 | INFO     | app.middleware.logging_middleware:dispatch:59 - request_completed
2026-06-22 10:46:54.420 | INFO     | app.middleware.logging_middleware:dispatch:59 - request_completed
2026-06-22 10:46:54.422 | INFO     | app.middleware.logging_middleware:dispatch:59 - request_completed
2026-06-22 10:46:54.437 | INFO     | app.middleware.logging_middleware:dispatch:59 - request_completed
2026-06-22 10:46:54.440 | INFO     | app.middleware.logging_middleware:dispatch:59 - request_completed
2026-06-22 10:46:54.450 | INFO     | app.middleware.logging_middleware:dispatch:59 - request_completed
2026-06-22 10:46:54.512 | INFO     | app.middleware.logging_middleware:dispatch:59 - request_completed
2026-06-22 10:46:54.714 | INFO     | app.middleware.logging_middleware:dispatch:59 - request_completed
2026-06-22 10:46:54.753 | INFO     | app.middleware.logging_middleware:dispatch:59 - request_completed
2026-06-22 10:46:54.775 | INFO     | app.middleware.logging_middleware:dispatch:59 - request_completed
2026-06-22 10:46:54.826 | INFO     | app.middleware.logging_middleware:dispatch:59 - request_completed
2026-06-22 10:46:54.833 | INFO     | app.middleware.logging_middleware:dispatch:59 - request_completed
2026-06-22 10:46:54.835 | INFO     | app.middleware.logging_middleware:dispatch:59 - request_completed
2026-06-22 10:46:54.853 | INFO     | app.middleware.logging_middleware:dispatch:59 - request_completed
2026-06-22 10:46:54.856 | INFO     | app.middleware.logging_middleware:dispatch:59 - request_completed
2026-06-22 10:46:54.864 | INFO     | app.middleware.logging_middleware:dispatch:59 - request_completed
2026-06-22 10:46:54.962 | INFO     | app.middleware.logging_middleware:dispatch:59 - request_completed
2026-06-22 10:46:55.122 | INFO     | app.middleware.logging_middleware:dispatch:59 - request_completed
2026-06-22 10:46:55.162 | INFO     | app.middleware.logging_middleware:dispatch:59 - request_completed
2026-06-22 10:46:55.220 | INFO     | app.middleware.logging_middleware:dispatch:59 - request_completed
2026-06-22 10:46:55.225 | INFO     | app.middleware.logging_middleware:dispatch:59 - request_completed
2026-06-22 10:46:55.268 | INFO     | app.middleware.logging_middleware:dispatch:59 - request_completed
2026-06-22 10:46:55.274 | INFO     | app.middleware.logging_middleware:dispatch:59 - request_completed
2026-06-22 10:46:55.282 | INFO     | app.middleware.logging_middleware:dispatch:59 - request_completed
2026-06-22 10:46:55.290 | INFO     | app.middleware.logging_middleware:dispatch:59 - request_completed
2026-06-22 10:46:55.293 | INFO     | app.middleware.logging_middleware:dispatch:59 - request_completed
2026-06-22 10:46:55.376 | INFO     | app.middleware.logging_middleware:dispatch:59 - request_completed
2026-06-22 10:46:55.505 | INFO     | app.middleware.logging_middleware:dispatch:59 - request_completed
2026-06-22 10:46:55.549 | INFO     | app.middleware.logging_middleware:dispatch:59 - request_completed
2026-06-22 10:46:55.569 | INFO     | app.middleware.logging_middleware:dispatch:59 - request_completed
2026-06-22 10:46:55.612 | INFO     | app.middleware.logging_middleware:dispatch:59 - request_completed
2026-06-22 10:46:55.639 | INFO     | app.middleware.logging_middleware:dispatch:59 - request_completed
2026-06-22 10:46:55.650 | INFO     | app.middleware.logging_middleware:dispatch:59 - request_completed
2026-06-22 10:46:55.662 | INFO     | app.middleware.logging_middleware:dispatch:59 - request_completed
2026-06-22 10:46:55.663 | INFO     | app.middleware.logging_middleware:dispatch:59 - request_completed
2026-06-22 10:46:55.698 | INFO     | app.middleware.logging_middleware:dispatch:59 - request_completed
2026-06-22 10:46:55.791 | INFO     | app.middleware.logging_middleware:dispatch:59 - request_completed
2026-06-22 10:46:56.022 | INFO     | app.middleware.logging_middleware:dispatch:59 - request_completed
2026-06-22 10:46:56.062 | INFO     | app.middleware.logging_middleware:dispatch:59 - request_completed
2026-06-22 10:46:56.087 | INFO     | app.middleware.logging_middleware:dispatch:59 - request_completed
2026-06-22 10:46:56.140 | INFO     | app.middleware.logging_middleware:dispatch:59 - request_completed
2026-06-22 10:46:56.151 | INFO     | app.middleware.logging_middleware:dispatch:59 - request_completed
2026-06-22 10:46:56.155 | INFO     | app.middleware.logging_middleware:dispatch:59 - request_completed
2026-06-22 10:46:56.164 | INFO     | app.middleware.logging_middleware:dispatch:59 - request_completed
2026-06-22 10:46:56.168 | INFO     | app.middleware.logging_middleware:dispatch:59 - request_completed
2026-06-22 10:46:56.173 | INFO     | app.middleware.logging_middleware:dispatch:59 - request_completed
2026-06-22 10:46:56.212 | INFO     | app.middleware.logging_middleware:dispatch:59 - request_completed
2026-06-22 10:46:56.251 | INFO     | app.middleware.logging_middleware:dispatch:59 - request_completed
2026-06-22 10:46:56.684 | INFO     | app.middleware.logging_middleware:dispatch:59 - request_completed
2026-06-22 10:46:56.728 | INFO     | app.middleware.logging_middleware:dispatch:59 - request_completed
2026-06-22 10:46:56.748 | INFO     | app.middleware.logging_middleware:dispatch:59 - request_completed
2026-06-22 10:46:56.815 | INFO     | app.middleware.logging_middleware:dispatch:59 - request_completed
2026-06-22 10:46:56.817 | INFO     | app.middleware.logging_middleware:dispatch:59 - request_completed
2026-06-22 10:46:56.819 | INFO     | app.middleware.logging_middleware:dispatch:59 - request_completed
2026-06-22 10:46:56.828 | INFO     | app.middleware.logging_middleware:dispatch:59 - request_completed
2026-06-22 10:46:56.848 | INFO     | app.middleware.logging_middleware:dispatch:59 - request_completed
2026-06-22 10:46:56.852 | INFO     | app.middleware.logging_middleware:dispatch:59 - request_completed
2026-06-22 10:46:56.883 | INFO     | app.middleware.logging_middleware:dispatch:59 - request_completed
2026-06-22 10:46:56.932 | INFO     | app.middleware.logging_middleware:dispatch:59 - request_completed
2026-06-22 10:46:57.154 | INFO     | app.middleware.logging_middleware:dispatch:59 - request_completed
2026-06-22 10:46:57.195 | INFO     | app.middleware.logging_middleware:dispatch:59 - request_completed
2026-06-22 10:46:57.258 | INFO     | app.middleware.logging_middleware:dispatch:59 - request_completed
2026-06-22 10:46:57.275 | INFO     | app.middleware.logging_middleware:dispatch:59 - request_completed
2026-06-22 10:46:57.307 | INFO     | app.middleware.logging_middleware:dispatch:59 - request_completed
2026-06-22 10:46:57.314 | INFO     | app.middleware.logging_middleware:dispatch:59 - request_completed
2026-06-22 10:46:57.322 | INFO     | app.middleware.logging_middleware:dispatch:59 - request_completed
2026-06-22 10:46:57.328 | INFO     | app.middleware.logging_middleware:dispatch:59 - request_completed
2026-06-22 10:46:57.339 | INFO     | app.middleware.logging_middleware:dispatch:59 - request_completed
2026-06-22 10:46:57.428 | INFO     | app.middleware.logging_middleware:dispatch:59 - request_completed
2026-06-22 10:46:57.552 | INFO     | app.middleware.logging_middleware:dispatch:59 - request_completed
2026-06-22 10:46:57.590 | INFO     | app.middleware.logging_middleware:dispatch:59 - request_completed
2026-06-22 10:46:57.922 | INFO     | app.middleware.logging_middleware:dispatch:59 - request_completed
2026-06-22 10:46:57.963 | INFO     | app.middleware.logging_middleware:dispatch:59 - request_completed
2026-06-22 10:46:58.013 | INFO     | app.middleware.logging_middleware:dispatch:59 - request_completed
2026-06-22 10:46:58.040 | INFO     | app.middleware.logging_middleware:dispatch:59 - request_completed
2026-06-22 10:46:58.084 | INFO     | app.middleware.logging_middleware:dispatch:59 - request_completed
2026-06-22 10:46:58.096 | INFO     | app.middleware.logging_middleware:dispatch:59 - request_completed
2026-06-22 10:46:58.107 | INFO     | app.middleware.logging_middleware:dispatch:59 - request_completed
2026-06-22 10:46:58.109 | INFO     | app.middleware.logging_middleware:dispatch:59 - request_completed
2026-06-22 10:46:58.114 | INFO     | app.middleware.logging_middleware:dispatch:59 - request_completed
2026-06-22 10:46:58.204 | INFO     | app.middleware.logging_middleware:dispatch:59 - request_completed
2026-06-22 10:46:58.391 | INFO     | app.middleware.logging_middleware:dispatch:59 - request_completed
2026-06-22 10:46:58.739 | INFO     | app.middleware.logging_middleware:dispatch:59 - request_completed
2026-06-22 10:46:59.249 | INFO     | app.middleware.logging_middleware:dispatch:59 - request_completed
2026-06-22 10:46:59.302 | INFO     | app.middleware.logging_middleware:dispatch:59 - request_completed
2026-06-22 10:46:59.321 | INFO     | app.middleware.logging_middleware:dispatch:59 - request_completed
2026-06-22 10:46:59.346 | INFO     | app.middleware.logging_middleware:dispatch:59 - request_completed
2026-06-22 10:46:59.405 | INFO     | app.middleware.logging_middleware:dispatch:59 - request_completed
2026-06-22 10:46:59.410 | INFO     | app.middleware.logging_middleware:dispatch:59 - request_completed
2026-06-22 10:46:59.419 | INFO     | app.middleware.logging_middleware:dispatch:59 - request_completed
2026-06-22 10:46:59.432 | INFO     | app.middleware.logging_middleware:dispatch:59 - request_completed
2026-06-22 10:46:59.442 | INFO     | app.middleware.logging_middleware:dispatch:59 - request_completed
2026-06-22 10:46:59.472 | INFO     | app.middleware.logging_middleware:dispatch:59 - request_completed
2026-06-22 10:46:59.518 | INFO     | app.middleware.logging_middleware:dispatch:59 - request_completed
2026-06-22 10:47:00.306 | INFO     | app.middleware.logging_middleware:dispatch:59 - request_completed
2026-06-22 10:47:00.347 | INFO     | app.middleware.logging_middleware:dispatch:59 - request_completed
2026-06-22 10:47:00.365 | INFO     | app.middleware.logging_middleware:dispatch:59 - request_completed
2026-06-22 10:47:00.436 | INFO     | app.middleware.logging_middleware:dispatch:59 - request_completed
2026-06-22 10:47:00.438 | INFO     | app.middleware.logging_middleware:dispatch:59 - request_completed
2026-06-22 10:47:00.439 | INFO     | app.middleware.logging_middleware:dispatch:59 - request_completed
2026-06-22 10:47:00.440 | INFO     | app.middleware.logging_middleware:dispatch:59 - request_completed
2026-06-22 10:47:00.442 | INFO     | app.middleware.logging_middleware:dispatch:59 - request_completed
2026-06-22 10:47:00.456 | INFO     | app.middleware.logging_middleware:dispatch:59 - request_completed
2026-06-22 10:47:00.503 | INFO     | app.middleware.logging_middleware:dispatch:59 - request_completed
2026-06-22 10:47:00.573 | INFO     | app.middleware.logging_middleware:dispatch:59 - request_completed
2026-06-22 10:52:59.221 | INFO     | app.middleware.logging_middleware:dispatch:59 - request_completed
2026-06-22 10:52:59.259 | INFO     | app.middleware.logging_middleware:dispatch:59 - request_completed
2026-06-22 10:52:59.270 | INFO     | app.middleware.logging_middleware:dispatch:59 - request_completed
2026-06-22 10:52:59.337 | INFO     | app.middleware.logging_middleware:dispatch:59 - request_completed
2026-06-22 10:52:59.342 | INFO     | app.middleware.logging_middleware:dispatch:59 - request_completed
2026-06-22 10:52:59.345 | INFO     | app.middleware.logging_middleware:dispatch:59 - request_completed
2026-06-22 10:52:59.350 | INFO     | app.middleware.logging_middleware:dispatch:59 - request_completed
2026-06-22 10:52:59.352 | INFO     | app.middleware.logging_middleware:dispatch:59 - request_completed
2026-06-22 10:52:59.354 | INFO     | app.middleware.logging_middleware:dispatch:59 - request_completed
2026-06-22 10:52:59.386 | INFO     | app.middleware.logging_middleware:dispatch:59 - request_completed
2026-06-22 10:52:59.445 | INFO     | app.middleware.logging_middleware:dispatch:59 - request_completed
2026-06-22 10:53:02.399 | INFO     | app.middleware.logging_middleware:dispatch:59 - request_completed
2026-06-22 10:53:02.438 | INFO     | app.middleware.logging_middleware:dispatch:59 - request_completed
2026-06-22 10:53:02.445 | INFO     | app.middleware.logging_middleware:dispatch:59 - request_completed
2026-06-22 10:53:02.516 | INFO     | app.middleware.logging_middleware:dispatch:59 - request_completed
2026-06-22 10:53:02.518 | INFO     | app.middleware.logging_middleware:dispatch:59 - request_completed
2026-06-22 10:53:02.519 | INFO     | app.middleware.logging_middleware:dispatch:59 - request_completed
2026-06-22 10:53:02.523 | INFO     | app.middleware.logging_middleware:dispatch:59 - request_completed
2026-06-22 10:53:02.524 | INFO     | app.middleware.logging_middleware:dispatch:59 - request_completed
2026-06-22 10:53:02.529 | INFO     | app.middleware.logging_middleware:dispatch:59 - request_completed
2026-06-22 10:53:02.560 | INFO     | app.middleware.logging_middleware:dispatch:59 - request_completed
2026-06-22 10:53:02.610 | INFO     | app.middleware.logging_middleware:dispatch:59 - request_completed
2026-06-22 10:53:03.272 | INFO     | app.middleware.logging_middleware:dispatch:59 - request_completed
2026-06-22 10:53:03.313 | INFO     | app.middleware.logging_middleware:dispatch:59 - request_completed
2026-06-22 10:53:03.333 | INFO     | app.middleware.logging_middleware:dispatch:59 - request_completed
2026-06-22 10:53:03.399 | INFO     | app.middleware.logging_middleware:dispatch:59 - request_completed
2026-06-22 10:53:03.399 | INFO     | app.middleware.logging_middleware:dispatch:59 - request_completed
2026-06-22 10:53:03.407 | INFO     | app.middleware.logging_middleware:dispatch:59 - request_completed
2026-06-22 10:53:03.407 | INFO     | app.middleware.logging_middleware:dispatch:59 - request_completed
2026-06-22 10:53:03.408 | INFO     | app.middleware.logging_middleware:dispatch:59 - request_completed
2026-06-22 10:53:03.414 | INFO     | app.middleware.logging_middleware:dispatch:59 - request_completed
2026-06-22 10:53:03.446 | INFO     | app.middleware.logging_middleware:dispatch:59 - request_completed
2026-06-22 10:53:03.492 | INFO     | app.middleware.logging_middleware:dispatch:59 - request_completed
2026-06-22 10:53:03.922 | INFO     | app.middleware.logging_middleware:dispatch:59 - request_completed
2026-06-22 10:53:03.959 | INFO     | app.middleware.logging_middleware:dispatch:59 - request_completed
2026-06-22 10:53:03.974 | INFO     | app.middleware.logging_middleware:dispatch:59 - request_completed
2026-06-22 10:53:04.032 | INFO     | app.middleware.logging_middleware:dispatch:59 - request_completed
2026-06-22 10:53:04.036 | INFO     | app.middleware.logging_middleware:dispatch:59 - request_completed
2026-06-22 10:53:04.042 | INFO     | app.middleware.logging_middleware:dispatch:59 - request_completed
2026-06-22 10:53:04.048 | INFO     | app.middleware.logging_middleware:dispatch:59 - request_completed
2026-06-22 10:53:04.049 | INFO     | app.middleware.logging_middleware:dispatch:59 - request_completed
2026-06-22 10:53:04.050 | INFO     | app.middleware.logging_middleware:dispatch:59 - request_completed
2026-06-22 10:53:04.071 | INFO     | app.middleware.logging_middleware:dispatch:59 - request_completed
2026-06-22 10:53:04.137 | INFO     | app.middleware.logging_middleware:dispatch:59 - request_completed
2026-06-22 10:54:00.374 | INFO     | app.middleware.logging_middleware:dispatch:59 - request_completed
2026-06-22 10:54:00.414 | INFO     | app.middleware.logging_middleware:dispatch:59 - request_completed
2026-06-22 10:54:00.424 | INFO     | app.middleware.logging_middleware:dispatch:59 - request_completed
2026-06-22 10:54:00.490 | INFO     | app.middleware.logging_middleware:dispatch:59 - request_completed
2026-06-22 10:54:00.491 | INFO     | app.middleware.logging_middleware:dispatch:59 - request_completed
2026-06-22 10:54:00.502 | INFO     | app.middleware.logging_middleware:dispatch:59 - request_completed
2026-06-22 10:54:00.507 | INFO     | app.middleware.logging_middleware:dispatch:59 - request_completed
2026-06-22 10:54:00.509 | INFO     | app.middleware.logging_middleware:dispatch:59 - request_completed
2026-06-22 10:54:00.514 | INFO     | app.middleware.logging_middleware:dispatch:59 - request_completed
2026-06-22 10:54:00.529 | INFO     | app.middleware.logging_middleware:dispatch:59 - request_completed
2026-06-22 10:54:00.606 | INFO     | app.middleware.logging_middleware:dispatch:59 - request_completed
2026-06-22 10:54:04.640 | INFO     | app.middleware.logging_middleware:dispatch:59 - request_completed
2026-06-22 10:54:04.685 | INFO     | app.middleware.logging_middleware:dispatch:59 - request_completed
2026-06-22 10:54:04.703 | INFO     | app.middleware.logging_middleware:dispatch:59 - request_completed
2026-06-22 10:54:04.781 | INFO     | app.middleware.logging_middleware:dispatch:59 - request_completed
2026-06-22 10:54:04.782 | INFO     | app.middleware.logging_middleware:dispatch:59 - request_completed
2026-06-22 10:54:04.795 | INFO     | app.middleware.logging_middleware:dispatch:59 - request_completed
2026-06-22 10:54:04.802 | INFO     | app.middleware.logging_middleware:dispatch:59 - request_completed
2026-06-22 10:54:04.826 | INFO     | app.middleware.logging_middleware:dispatch:59 - request_completed
2026-06-22 10:54:04.832 | INFO     | app.middleware.logging_middleware:dispatch:59 - request_completed
2026-06-22 10:54:04.865 | INFO     | app.middleware.logging_middleware:dispatch:59 - request_completed
2026-06-22 10:54:04.912 | INFO     | app.middleware.logging_middleware:dispatch:59 - request_completed
2026-06-22 10:54:28.401 | INFO     | app.middleware.logging_middleware:dispatch:59 - request_completed
2026-06-22 10:54:28.441 | INFO     | app.middleware.logging_middleware:dispatch:59 - request_completed
2026-06-22 10:54:28.454 | INFO     | app.middleware.logging_middleware:dispatch:59 - request_completed
2026-06-22 10:54:28.515 | INFO     | app.middleware.logging_middleware:dispatch:59 - request_completed
2026-06-22 10:54:28.525 | INFO     | app.middleware.logging_middleware:dispatch:59 - request_completed
2026-06-22 10:54:28.533 | INFO     | app.middleware.logging_middleware:dispatch:59 - request_completed
2026-06-22 10:54:28.536 | INFO     | app.middleware.logging_middleware:dispatch:59 - request_completed
2026-06-22 10:54:28.538 | INFO     | app.middleware.logging_middleware:dispatch:59 - request_completed
2026-06-22 10:54:28.541 | INFO     | app.middleware.logging_middleware:dispatch:59 - request_completed
2026-06-22 10:54:28.579 | INFO     | app.middleware.logging_middleware:dispatch:59 - request_completed
2026-06-22 10:54:28.617 | INFO     | app.middleware.logging_middleware:dispatch:59 - request_completed
2026-06-22 10:54:31.586 | INFO     | app.middleware.logging_middleware:dispatch:59 - request_completed
2026-06-22 10:54:31.628 | INFO     | app.middleware.logging_middleware:dispatch:59 - request_completed
2026-06-22 10:54:31.643 | INFO     | app.middleware.logging_middleware:dispatch:59 - request_completed
2026-06-22 10:54:31.703 | INFO     | app.middleware.logging_middleware:dispatch:59 - request_completed
2026-06-22 10:54:31.709 | INFO     | app.middleware.logging_middleware:dispatch:59 - request_completed
2026-06-22 10:54:31.714 | INFO     | app.middleware.logging_middleware:dispatch:59 - request_completed
2026-06-22 10:54:31.721 | INFO     | app.middleware.logging_middleware:dispatch:59 - request_completed
2026-06-22 10:54:31.722 | INFO     | app.middleware.logging_middleware:dispatch:59 - request_completed
2026-06-22 10:54:31.723 | INFO     | app.middleware.logging_middleware:dispatch:59 - request_completed
2026-06-22 10:54:31.751 | INFO     | app.middleware.logging_middleware:dispatch:59 - request_completed
2026-06-22 10:54:31.820 | INFO     | app.middleware.logging_middleware:dispatch:59 - request_completed
2026-06-22 10:54:32.198 | INFO     | app.middleware.logging_middleware:dispatch:59 - request_completed
2026-06-22 10:54:32.238 | INFO     | app.middleware.logging_middleware:dispatch:59 - request_completed
2026-06-22 10:54:32.599 | INFO     | app.middleware.logging_middleware:dispatch:59 - request_completed
2026-06-22 10:54:32.642 | INFO     | app.middleware.logging_middleware:dispatch:59 - request_completed
2026-06-22 10:54:32.917 | INFO     | app.middleware.logging_middleware:dispatch:59 - request_completed
2026-06-22 10:54:32.958 | INFO     | app.middleware.logging_middleware:dispatch:59 - request_completed
2026-06-22 10:54:32.973 | INFO     | app.middleware.logging_middleware:dispatch:59 - request_completed
2026-06-22 10:54:33.033 | INFO     | app.middleware.logging_middleware:dispatch:59 - request_completed
2026-06-22 10:54:33.043 | INFO     | app.middleware.logging_middleware:dispatch:59 - request_completed
2026-06-22 10:54:33.045 | INFO     | app.middleware.logging_middleware:dispatch:59 - request_completed
2026-06-22 10:54:33.049 | INFO     | app.middleware.logging_middleware:dispatch:59 - request_completed
2026-06-22 10:54:33.057 | INFO     | app.middleware.logging_middleware:dispatch:59 - request_completed
2026-06-22 10:54:33.061 | INFO     | app.middleware.logging_middleware:dispatch:59 - request_completed
2026-06-22 10:54:33.148 | INFO     | app.middleware.logging_middleware:dispatch:59 - request_completed
2026-06-22 10:54:33.325 | INFO     | app.middleware.logging_middleware:dispatch:59 - request_completed
2026-06-22 10:54:33.367 | INFO     | app.middleware.logging_middleware:dispatch:59 - request_completed
2026-06-22 10:54:33.379 | INFO     | app.middleware.logging_middleware:dispatch:59 - request_completed
2026-06-22 10:54:33.460 | INFO     | app.middleware.logging_middleware:dispatch:59 - request_completed
2026-06-22 10:54:33.462 | INFO     | app.middleware.logging_middleware:dispatch:59 - request_completed
2026-06-22 10:54:33.512 | INFO     | app.middleware.logging_middleware:dispatch:59 - request_completed
2026-06-22 10:54:33.529 | INFO     | app.middleware.logging_middleware:dispatch:59 - request_completed
2026-06-22 10:54:33.530 | INFO     | app.middleware.logging_middleware:dispatch:59 - request_completed
2026-06-22 10:54:33.541 | INFO     | app.middleware.logging_middleware:dispatch:59 - request_completed
2026-06-22 10:54:33.584 | INFO     | app.middleware.logging_middleware:dispatch:59 - request_completed
2026-06-22 10:54:33.634 | INFO     | app.middleware.logging_middleware:dispatch:59 - request_completed
2026-06-22 10:54:34.084 | INFO     | app.middleware.logging_middleware:dispatch:59 - request_completed
2026-06-22 10:54:34.437 | INFO     | app.middleware.logging_middleware:dispatch:59 - request_completed
2026-06-22 10:54:34.823 | INFO     | app.middleware.logging_middleware:dispatch:59 - request_completed
2026-06-22 10:54:35.216 | INFO     | app.middleware.logging_middleware:dispatch:59 - request_completed
2026-06-22 10:54:35.260 | INFO     | app.middleware.logging_middleware:dispatch:59 - request_completed
2026-06-22 10:54:35.620 | INFO     | app.middleware.logging_middleware:dispatch:59 - request_completed
2026-06-22 10:54:36.025 | INFO     | app.middleware.logging_middleware:dispatch:59 - request_completed
2026-06-22 10:54:36.410 | INFO     | app.middleware.logging_middleware:dispatch:59 - request_completed
2026-06-22 10:54:36.763 | INFO     | app.middleware.logging_middleware:dispatch:59 - request_completed
2026-06-22 10:54:36.815 | INFO     | app.middleware.logging_middleware:dispatch:59 - request_completed
2026-06-22 10:54:36.837 | INFO     | app.middleware.logging_middleware:dispatch:59 - request_completed
2026-06-22 10:54:36.915 | INFO     | app.middleware.logging_middleware:dispatch:59 - request_completed
2026-06-22 10:54:36.925 | INFO     | app.middleware.logging_middleware:dispatch:59 - request_completed
2026-06-22 10:54:36.937 | INFO     | app.middleware.logging_middleware:dispatch:59 - request_completed
2026-06-22 10:54:36.944 | INFO     | app.middleware.logging_middleware:dispatch:59 - request_completed
2026-06-22 10:54:36.949 | INFO     | app.middleware.logging_middleware:dispatch:59 - request_completed
2026-06-22 10:54:36.951 | INFO     | app.middleware.logging_middleware:dispatch:59 - request_completed
2026-06-22 10:54:36.996 | INFO     | app.middleware.logging_middleware:dispatch:59 - request_completed
2026-06-22 10:54:37.038 | INFO     | app.middleware.logging_middleware:dispatch:59 - request_completed
2026-06-22 10:54:37.848 | INFO     | app.middleware.logging_middleware:dispatch:59 - request_completed
2026-06-22 10:54:37.887 | INFO     | app.middleware.logging_middleware:dispatch:59 - request_completed
2026-06-22 10:54:37.900 | INFO     | app.middleware.logging_middleware:dispatch:59 - request_completed
2026-06-22 10:54:37.966 | INFO     | app.middleware.logging_middleware:dispatch:59 - request_completed
2026-06-22 10:54:37.971 | INFO     | app.middleware.logging_middleware:dispatch:59 - request_completed
2026-06-22 10:54:37.981 | INFO     | app.middleware.logging_middleware:dispatch:59 - request_completed
2026-06-22 10:54:37.983 | INFO     | app.middleware.logging_middleware:dispatch:59 - request_completed
2026-06-22 10:54:37.985 | INFO     | app.middleware.logging_middleware:dispatch:59 - request_completed
2026-06-22 10:54:37.986 | INFO     | app.middleware.logging_middleware:dispatch:59 - request_completed
2026-06-22 10:54:38.023 | INFO     | app.middleware.logging_middleware:dispatch:59 - request_completed
2026-06-22 10:54:38.075 | INFO     | app.middleware.logging_middleware:dispatch:59 - request_completed
2026-06-22 10:55:29.249 | INFO     | app.middleware.logging_middleware:dispatch:59 - request_completed
2026-06-22 10:55:29.290 | INFO     | app.middleware.logging_middleware:dispatch:59 - request_completed
2026-06-22 10:55:29.300 | INFO     | app.middleware.logging_middleware:dispatch:59 - request_completed
2026-06-22 10:55:29.368 | INFO     | app.middleware.logging_middleware:dispatch:59 - request_completed
2026-06-22 10:55:29.369 | INFO     | app.middleware.logging_middleware:dispatch:59 - request_completed
2026-06-22 10:55:29.377 | INFO     | app.middleware.logging_middleware:dispatch:59 - request_completed
2026-06-22 10:55:29.380 | INFO     | app.middleware.logging_middleware:dispatch:59 - request_completed
2026-06-22 10:55:29.384 | INFO     | app.middleware.logging_middleware:dispatch:59 - request_completed
2026-06-22 10:55:29.386 | INFO     | app.middleware.logging_middleware:dispatch:59 - request_completed
2026-06-22 10:55:29.415 | INFO     | app.middleware.logging_middleware:dispatch:59 - request_completed
2026-06-22 10:55:29.470 | INFO     | app.middleware.logging_middleware:dispatch:59 - request_completed
2026-06-22 10:55:30.926 | INFO     | app.middleware.logging_middleware:dispatch:59 - request_completed
2026-06-22 10:55:30.965 | INFO     | app.middleware.logging_middleware:dispatch:59 - request_completed
2026-06-22 10:55:30.979 | INFO     | app.middleware.logging_middleware:dispatch:59 - request_completed
2026-06-22 10:55:31.038 | INFO     | app.middleware.logging_middleware:dispatch:59 - request_completed
2026-06-22 10:55:31.042 | INFO     | app.middleware.logging_middleware:dispatch:59 - request_completed
2026-06-22 10:55:31.043 | INFO     | app.middleware.logging_middleware:dispatch:59 - request_completed
2026-06-22 10:55:31.049 | INFO     | app.middleware.logging_middleware:dispatch:59 - request_completed
2026-06-22 10:55:31.050 | INFO     | app.middleware.logging_middleware:dispatch:59 - request_completed
2026-06-22 10:55:31.052 | INFO     | app.middleware.logging_middleware:dispatch:59 - request_completed
2026-06-22 10:55:31.086 | INFO     | app.middleware.logging_middleware:dispatch:59 - request_completed
2026-06-22 10:55:31.140 | INFO     | app.middleware.logging_middleware:dispatch:59 - request_completed
2026-06-22 10:55:33.036 | INFO     | app.middleware.logging_middleware:dispatch:59 - request_completed
2026-06-22 10:55:33.076 | INFO     | app.middleware.logging_middleware:dispatch:59 - request_completed
2026-06-22 10:55:33.093 | INFO     | app.middleware.logging_middleware:dispatch:59 - request_completed
2026-06-22 10:55:33.160 | INFO     | app.middleware.logging_middleware:dispatch:59 - request_completed
2026-06-22 10:55:33.161 | INFO     | app.middleware.logging_middleware:dispatch:59 - request_completed
2026-06-22 10:55:33.168 | INFO     | app.middleware.logging_middleware:dispatch:59 - request_completed
2026-06-22 10:55:33.169 | INFO     | app.middleware.logging_middleware:dispatch:59 - request_completed
2026-06-22 10:55:33.176 | INFO     | app.middleware.logging_middleware:dispatch:59 - request_completed
2026-06-22 10:55:33.191 | INFO     | app.middleware.logging_middleware:dispatch:59 - request_completed
2026-06-22 10:55:33.206 | INFO     | app.middleware.logging_middleware:dispatch:59 - request_completed
2026-06-22 10:55:33.290 | INFO     | app.middleware.logging_middleware:dispatch:59 - request_completed
2026-06-22 10:55:37.348 | INFO     | app.middleware.logging_middleware:dispatch:59 - request_completed
2026-06-22 10:55:37.388 | INFO     | app.middleware.logging_middleware:dispatch:59 - request_completed
2026-06-22 10:55:37.403 | INFO     | app.middleware.logging_middleware:dispatch:59 - request_completed
2026-06-22 10:55:37.460 | INFO     | app.middleware.logging_middleware:dispatch:59 - request_completed
2026-06-22 10:55:37.465 | INFO     | app.middleware.logging_middleware:dispatch:59 - request_completed
2026-06-22 10:55:37.466 | INFO     | app.middleware.logging_middleware:dispatch:59 - request_completed
2026-06-22 10:55:37.467 | INFO     | app.middleware.logging_middleware:dispatch:59 - request_completed
2026-06-22 10:55:37.476 | INFO     | app.middleware.logging_middleware:dispatch:59 - request_completed
2026-06-22 10:55:37.478 | INFO     | app.middleware.logging_middleware:dispatch:59 - request_completed
2026-06-22 10:55:37.515 | INFO     | app.middleware.logging_middleware:dispatch:59 - request_completed
2026-06-22 10:55:37.569 | INFO     | app.middleware.logging_middleware:dispatch:59 - request_completed
2026-06-22 10:55:45.461 | INFO     | app.middleware.logging_middleware:dispatch:59 - request_completed
2026-06-22 10:55:45.503 | INFO     | app.middleware.logging_middleware:dispatch:59 - request_completed
2026-06-22 10:55:45.517 | INFO     | app.middleware.logging_middleware:dispatch:59 - request_completed
2026-06-22 10:55:45.580 | INFO     | app.middleware.logging_middleware:dispatch:59 - request_completed
2026-06-22 10:55:45.590 | INFO     | app.middleware.logging_middleware:dispatch:59 - request_completed
2026-06-22 10:55:45.595 | INFO     | app.middleware.logging_middleware:dispatch:59 - request_completed
2026-06-22 10:55:45.606 | INFO     | app.middleware.logging_middleware:dispatch:59 - request_completed
2026-06-22 10:55:45.607 | INFO     | app.middleware.logging_middleware:dispatch:59 - request_completed
2026-06-22 10:55:45.608 | INFO     | app.middleware.logging_middleware:dispatch:59 - request_completed
2026-06-22 10:55:45.645 | INFO     | app.middleware.logging_middleware:dispatch:59 - request_completed
2026-06-22 10:55:45.687 | INFO     | app.middleware.logging_middleware:dispatch:59 - request_completed
2026-06-22 10:56:26.142 | INFO     | app.middleware.logging_middleware:dispatch:59 - request_completed
2026-06-22 10:56:26.179 | INFO     | app.middleware.logging_middleware:dispatch:59 - request_completed
2026-06-22 10:56:26.190 | INFO     | app.middleware.logging_middleware:dispatch:59 - request_completed
2026-06-22 10:56:26.251 | INFO     | app.middleware.logging_middleware:dispatch:59 - request_completed
2026-06-22 10:56:26.255 | INFO     | app.middleware.logging_middleware:dispatch:59 - request_completed
2026-06-22 10:56:26.256 | INFO     | app.middleware.logging_middleware:dispatch:59 - request_completed
2026-06-22 10:56:26.262 | INFO     | app.middleware.logging_middleware:dispatch:59 - request_completed
2026-06-22 10:56:26.266 | INFO     | app.middleware.logging_middleware:dispatch:59 - request_completed
2026-06-22 10:56:26.268 | INFO     | app.middleware.logging_middleware:dispatch:59 - request_completed
2026-06-22 10:56:26.292 | INFO     | app.middleware.logging_middleware:dispatch:59 - request_completed
2026-06-22 10:56:26.358 | INFO     | app.middleware.logging_middleware:dispatch:59 - request_completed
2026-06-22 10:56:33.001 | INFO     | app.middleware.logging_middleware:dispatch:59 - request_completed
2026-06-22 10:56:33.043 | INFO     | app.middleware.logging_middleware:dispatch:59 - request_completed
2026-06-22 10:56:33.059 | INFO     | app.middleware.logging_middleware:dispatch:59 - request_completed
2026-06-22 10:56:33.072 | INFO     | app.middleware.logging_middleware:dispatch:59 - request_completed
2026-06-22 10:56:33.124 | INFO     | app.middleware.logging_middleware:dispatch:59 - request_completed
2026-06-22 10:56:33.128 | INFO     | app.middleware.logging_middleware:dispatch:59 - request_completed
2026-06-22 10:56:33.136 | INFO     | app.middleware.logging_middleware:dispatch:59 - request_completed
2026-06-22 10:56:33.137 | INFO     | app.middleware.logging_middleware:dispatch:59 - request_completed
2026-06-22 10:56:33.141 | INFO     | app.middleware.logging_middleware:dispatch:59 - request_completed
2026-06-22 10:56:33.176 | INFO     | app.middleware.logging_middleware:dispatch:59 - request_completed
2026-06-22 10:56:33.222 | INFO     | app.middleware.logging_middleware:dispatch:59 - request_completed
2026-06-22 10:56:33.660 | INFO     | app.middleware.logging_middleware:dispatch:59 - request_completed
2026-06-22 10:56:33.698 | INFO     | app.middleware.logging_middleware:dispatch:59 - request_completed
2026-06-22 10:56:33.777 | INFO     | app.middleware.logging_middleware:dispatch:59 - request_completed
2026-06-22 10:56:33.820 | INFO     | app.middleware.logging_middleware:dispatch:59 - request_completed
2026-06-22 10:56:33.841 | INFO     | app.middleware.logging_middleware:dispatch:59 - request_completed
2026-06-22 10:56:33.842 | INFO     | app.middleware.logging_middleware:dispatch:59 - request_completed
2026-06-22 10:56:33.844 | INFO     | app.middleware.logging_middleware:dispatch:59 - request_completed
2026-06-22 10:56:33.849 | INFO     | app.middleware.logging_middleware:dispatch:59 - request_completed
2026-06-22 10:56:33.852 | INFO     | app.middleware.logging_middleware:dispatch:59 - request_completed
2026-06-22 10:56:33.944 | INFO     | app.middleware.logging_middleware:dispatch:59 - request_completed
2026-06-22 10:56:34.079 | INFO     | app.middleware.logging_middleware:dispatch:59 - request_completed
2026-06-22 10:56:34.120 | INFO     | app.middleware.logging_middleware:dispatch:59 - request_completed
2026-06-22 10:56:34.140 | INFO     | app.middleware.logging_middleware:dispatch:59 - request_completed
2026-06-22 10:56:34.197 | INFO     | app.middleware.logging_middleware:dispatch:59 - request_completed
2026-06-22 10:56:34.203 | INFO     | app.middleware.logging_middleware:dispatch:59 - request_completed
2026-06-22 10:56:34.208 | INFO     | app.middleware.logging_middleware:dispatch:59 - request_completed
2026-06-22 10:56:34.208 | INFO     | app.middleware.logging_middleware:dispatch:59 - request_completed
2026-06-22 10:56:34.211 | INFO     | app.middleware.logging_middleware:dispatch:59 - request_completed
2026-06-22 10:56:34.212 | INFO     | app.middleware.logging_middleware:dispatch:59 - request_completed
2026-06-22 10:56:34.249 | INFO     | app.middleware.logging_middleware:dispatch:59 - request_completed
2026-06-22 10:56:34.293 | INFO     | app.middleware.logging_middleware:dispatch:59 - request_completed
2026-06-22 10:56:34.497 | INFO     | app.middleware.logging_middleware:dispatch:59 - request_completed
2026-06-22 10:56:34.536 | INFO     | app.middleware.logging_middleware:dispatch:59 - request_completed
2026-06-22 10:56:34.544 | INFO     | app.middleware.logging_middleware:dispatch:59 - request_completed
2026-06-22 10:56:34.607 | INFO     | app.middleware.logging_middleware:dispatch:59 - request_completed
2026-06-22 10:56:34.611 | INFO     | app.middleware.logging_middleware:dispatch:59 - request_completed
2026-06-22 10:56:34.612 | INFO     | app.middleware.logging_middleware:dispatch:59 - request_completed
2026-06-22 10:56:34.618 | INFO     | app.middleware.logging_middleware:dispatch:59 - request_completed
2026-06-22 10:56:34.621 | INFO     | app.middleware.logging_middleware:dispatch:59 - request_completed
2026-06-22 10:56:34.624 | INFO     | app.middleware.logging_middleware:dispatch:59 - request_completed
2026-06-22 10:56:34.658 | INFO     | app.middleware.logging_middleware:dispatch:59 - request_completed
2026-06-22 10:56:34.718 | INFO     | app.middleware.logging_middleware:dispatch:59 - request_completed
2026-06-22 10:56:34.901 | INFO     | app.middleware.logging_middleware:dispatch:59 - request_completed
2026-06-22 10:56:34.941 | INFO     | app.middleware.logging_middleware:dispatch:59 - request_completed
2026-06-22 10:56:34.954 | INFO     | app.middleware.logging_middleware:dispatch:59 - request_completed
2026-06-22 10:56:35.020 | INFO     | app.middleware.logging_middleware:dispatch:59 - request_completed
2026-06-22 10:56:35.022 | INFO     | app.middleware.logging_middleware:dispatch:59 - request_completed
2026-06-22 10:56:35.023 | INFO     | app.middleware.logging_middleware:dispatch:59 - request_completed
2026-06-22 10:56:35.026 | INFO     | app.middleware.logging_middleware:dispatch:59 - request_completed
2026-06-22 10:56:35.028 | INFO     | app.middleware.logging_middleware:dispatch:59 - request_completed
2026-06-22 10:56:35.033 | INFO     | app.middleware.logging_middleware:dispatch:59 - request_completed
2026-06-22 10:56:35.063 | INFO     | app.middleware.logging_middleware:dispatch:59 - request_completed
2026-06-22 10:56:35.114 | INFO     | app.middleware.logging_middleware:dispatch:59 - request_completed
2026-06-22 10:56:35.289 | INFO     | app.middleware.logging_middleware:dispatch:59 - request_completed
2026-06-22 10:56:35.326 | INFO     | app.middleware.logging_middleware:dispatch:59 - request_completed
2026-06-22 10:56:35.336 | INFO     | app.middleware.logging_middleware:dispatch:59 - request_completed
2026-06-22 10:56:35.396 | INFO     | app.middleware.logging_middleware:dispatch:59 - request_completed
2026-06-22 10:56:35.399 | INFO     | app.middleware.logging_middleware:dispatch:59 - request_completed
2026-06-22 10:56:35.403 | INFO     | app.middleware.logging_middleware:dispatch:59 - request_completed
2026-06-22 10:56:35.410 | INFO     | app.middleware.logging_middleware:dispatch:59 - request_completed
2026-06-22 10:56:35.410 | INFO     | app.middleware.logging_middleware:dispatch:59 - request_completed
2026-06-22 10:56:35.413 | INFO     | app.middleware.logging_middleware:dispatch:59 - request_completed
2026-06-22 10:56:35.439 | INFO     | app.middleware.logging_middleware:dispatch:59 - request_completed
2026-06-22 10:56:35.505 | INFO     | app.middleware.logging_middleware:dispatch:59 - request_completed
2026-06-22 10:56:35.710 | INFO     | app.middleware.logging_middleware:dispatch:59 - request_completed
2026-06-22 10:56:35.751 | INFO     | app.middleware.logging_middleware:dispatch:59 - request_completed
2026-06-22 10:56:35.769 | INFO     | app.middleware.logging_middleware:dispatch:59 - request_completed
2026-06-22 10:56:35.829 | INFO     | app.middleware.logging_middleware:dispatch:59 - request_completed
2026-06-22 10:56:35.842 | INFO     | app.middleware.logging_middleware:dispatch:59 - request_completed
2026-06-22 10:56:35.850 | INFO     | app.middleware.logging_middleware:dispatch:59 - request_completed
2026-06-22 10:56:35.852 | INFO     | app.middleware.logging_middleware:dispatch:59 - request_completed
2026-06-22 10:56:35.856 | INFO     | app.middleware.logging_middleware:dispatch:59 - request_completed
2026-06-22 10:56:35.860 | INFO     | app.middleware.logging_middleware:dispatch:59 - request_completed
2026-06-22 10:56:35.899 | INFO     | app.middleware.logging_middleware:dispatch:59 - request_completed
2026-06-22 10:56:35.934 | INFO     | app.middleware.logging_middleware:dispatch:59 - request_completed
2026-06-22 10:56:36.096 | INFO     | app.middleware.logging_middleware:dispatch:59 - request_completed
2026-06-22 10:56:36.185 | INFO     | app.middleware.logging_middleware:dispatch:59 - request_completed
2026-06-22 10:56:36.198 | INFO     | app.middleware.logging_middleware:dispatch:59 - request_completed
2026-06-22 10:56:36.262 | INFO     | app.middleware.logging_middleware:dispatch:59 - request_completed
2026-06-22 10:56:36.265 | INFO     | app.middleware.logging_middleware:dispatch:59 - request_completed
2026-06-22 10:56:36.276 | INFO     | app.middleware.logging_middleware:dispatch:59 - request_completed
2026-06-22 10:56:36.279 | INFO     | app.middleware.logging_middleware:dispatch:59 - request_completed
2026-06-22 10:56:36.283 | INFO     | app.middleware.logging_middleware:dispatch:59 - request_completed
2026-06-22 10:56:36.285 | INFO     | app.middleware.logging_middleware:dispatch:59 - request_completed
2026-06-22 10:56:36.315 | INFO     | app.middleware.logging_middleware:dispatch:59 - request_completed
2026-06-22 10:56:36.354 | INFO     | app.middleware.logging_middleware:dispatch:59 - request_completed
2026-06-22 10:56:36.507 | INFO     | app.middleware.logging_middleware:dispatch:59 - request_completed
2026-06-22 10:56:36.545 | INFO     | app.middleware.logging_middleware:dispatch:59 - request_completed
2026-06-22 10:56:36.560 | INFO     | app.middleware.logging_middleware:dispatch:59 - request_completed
2026-06-22 10:56:36.617 | INFO     | app.middleware.logging_middleware:dispatch:59 - request_completed
2026-06-22 10:56:36.621 | INFO     | app.middleware.logging_middleware:dispatch:59 - request_completed
2026-06-22 10:56:36.626 | INFO     | app.middleware.logging_middleware:dispatch:59 - request_completed
2026-06-22 10:56:36.631 | INFO     | app.middleware.logging_middleware:dispatch:59 - request_completed
2026-06-22 10:56:36.636 | INFO     | app.middleware.logging_middleware:dispatch:59 - request_completed
2026-06-22 10:56:36.636 | INFO     | app.middleware.logging_middleware:dispatch:59 - request_completed
2026-06-22 10:56:36.656 | INFO     | app.middleware.logging_middleware:dispatch:59 - request_completed
2026-06-22 10:56:36.729 | INFO     | app.middleware.logging_middleware:dispatch:59 - request_completed
2026-06-22 10:56:36.887 | INFO     | app.middleware.logging_middleware:dispatch:59 - request_completed
2026-06-22 10:56:36.927 | INFO     | app.middleware.logging_middleware:dispatch:59 - request_completed
2026-06-22 10:56:36.940 | INFO     | app.middleware.logging_middleware:dispatch:59 - request_completed
2026-06-22 10:56:37.004 | INFO     | app.middleware.logging_middleware:dispatch:59 - request_completed
2026-06-22 10:56:37.011 | INFO     | app.middleware.logging_middleware:dispatch:59 - request_completed
2026-06-22 10:56:37.011 | INFO     | app.middleware.logging_middleware:dispatch:59 - request_completed
2026-06-22 10:56:37.013 | INFO     | app.middleware.logging_middleware:dispatch:59 - request_completed
2026-06-22 10:56:37.017 | INFO     | app.middleware.logging_middleware:dispatch:59 - request_completed
2026-06-22 10:56:37.020 | INFO     | app.middleware.logging_middleware:dispatch:59 - request_completed
2026-06-22 10:56:37.056 | INFO     | app.middleware.logging_middleware:dispatch:59 - request_completed
2026-06-22 10:56:37.102 | INFO     | app.middleware.logging_middleware:dispatch:59 - request_completed
2026-06-22 10:56:37.294 | INFO     | app.middleware.logging_middleware:dispatch:59 - request_completed
2026-06-22 10:56:37.332 | INFO     | app.middleware.logging_middleware:dispatch:59 - request_completed
2026-06-22 10:56:37.345 | INFO     | app.middleware.logging_middleware:dispatch:59 - request_completed
2026-06-22 10:56:37.405 | INFO     | app.middleware.logging_middleware:dispatch:59 - request_completed
2026-06-22 10:56:37.408 | INFO     | app.middleware.logging_middleware:dispatch:59 - request_completed
2026-06-22 10:56:37.413 | INFO     | app.middleware.logging_middleware:dispatch:59 - request_completed
2026-06-22 10:56:37.413 | INFO     | app.middleware.logging_middleware:dispatch:59 - request_completed
2026-06-22 10:56:37.417 | INFO     | app.middleware.logging_middleware:dispatch:59 - request_completed
2026-06-22 10:56:37.421 | INFO     | app.middleware.logging_middleware:dispatch:59 - request_completed
2026-06-22 10:56:37.453 | INFO     | app.middleware.logging_middleware:dispatch:59 - request_completed
2026-06-22 10:56:37.504 | INFO     | app.middleware.logging_middleware:dispatch:59 - request_completed
2026-06-22 10:56:37.704 | INFO     | app.middleware.logging_middleware:dispatch:59 - request_completed
2026-06-22 10:56:37.742 | INFO     | app.middleware.logging_middleware:dispatch:59 - request_completed
2026-06-22 10:56:37.754 | INFO     | app.middleware.logging_middleware:dispatch:59 - request_completed
2026-06-22 10:56:37.813 | INFO     | app.middleware.logging_middleware:dispatch:59 - request_completed
2026-06-22 10:56:37.818 | INFO     | app.middleware.logging_middleware:dispatch:59 - request_completed
2026-06-22 10:56:37.820 | INFO     | app.middleware.logging_middleware:dispatch:59 - request_completed
2026-06-22 10:56:37.823 | INFO     | app.middleware.logging_middleware:dispatch:59 - request_completed
2026-06-22 10:56:37.826 | INFO     | app.middleware.logging_middleware:dispatch:59 - request_completed
2026-06-22 10:56:37.830 | INFO     | app.middleware.logging_middleware:dispatch:59 - request_completed
2026-06-22 10:56:37.861 | INFO     | app.middleware.logging_middleware:dispatch:59 - request_completed
2026-06-22 10:56:37.909 | INFO     | app.middleware.logging_middleware:dispatch:59 - request_completed
2026-06-22 10:56:38.114 | INFO     | app.middleware.logging_middleware:dispatch:59 - request_completed
2026-06-22 10:56:38.155 | INFO     | app.middleware.logging_middleware:dispatch:59 - request_completed
2026-06-22 10:56:38.167 | INFO     | app.middleware.logging_middleware:dispatch:59 - request_completed
2026-06-22 10:56:38.229 | INFO     | app.middleware.logging_middleware:dispatch:59 - request_completed
2026-06-22 10:56:38.232 | INFO     | app.middleware.logging_middleware:dispatch:59 - request_completed
2026-06-22 10:56:38.241 | INFO     | app.middleware.logging_middleware:dispatch:59 - request_completed
2026-06-22 10:56:38.242 | INFO     | app.middleware.logging_middleware:dispatch:59 - request_completed
2026-06-22 10:56:38.242 | INFO     | app.middleware.logging_middleware:dispatch:59 - request_completed
2026-06-22 10:56:38.248 | INFO     | app.middleware.logging_middleware:dispatch:59 - request_completed
2026-06-22 10:56:38.281 | INFO     | app.middleware.logging_middleware:dispatch:59 - request_completed
2026-06-22 10:56:38.334 | INFO     | app.middleware.logging_middleware:dispatch:59 - request_completed
2026-06-22 10:56:38.530 | INFO     | app.middleware.logging_middleware:dispatch:59 - request_completed
2026-06-22 10:56:38.567 | INFO     | app.middleware.logging_middleware:dispatch:59 - request_completed
2026-06-22 10:56:38.582 | INFO     | app.middleware.logging_middleware:dispatch:59 - request_completed
2026-06-22 10:56:38.641 | INFO     | app.middleware.logging_middleware:dispatch:59 - request_completed
2026-06-22 10:56:38.654 | INFO     | app.middleware.logging_middleware:dispatch:59 - request_completed
2026-06-22 10:56:38.655 | INFO     | app.middleware.logging_middleware:dispatch:59 - request_completed
2026-06-22 10:56:38.656 | INFO     | app.middleware.logging_middleware:dispatch:59 - request_completed
2026-06-22 10:56:38.660 | INFO     | app.middleware.logging_middleware:dispatch:59 - request_completed
2026-06-22 10:56:38.671 | INFO     | app.middleware.logging_middleware:dispatch:59 - request_completed
2026-06-22 10:56:38.709 | INFO     | app.middleware.logging_middleware:dispatch:59 - request_completed
2026-06-22 10:56:38.743 | INFO     | app.middleware.logging_middleware:dispatch:59 - request_completed
2026-06-22 10:56:38.927 | INFO     | app.middleware.logging_middleware:dispatch:59 - request_completed
2026-06-22 10:56:38.965 | INFO     | app.middleware.logging_middleware:dispatch:59 - request_completed
2026-06-22 10:56:38.973 | INFO     | app.middleware.logging_middleware:dispatch:59 - request_completed
2026-06-22 10:56:39.039 | INFO     | app.middleware.logging_middleware:dispatch:59 - request_completed
2026-06-22 10:56:39.043 | INFO     | app.middleware.logging_middleware:dispatch:59 - request_completed
2026-06-22 10:56:39.046 | INFO     | app.middleware.logging_middleware:dispatch:59 - request_completed
2026-06-22 10:56:39.051 | INFO     | app.middleware.logging_middleware:dispatch:59 - request_completed
2026-06-22 10:56:39.054 | INFO     | app.middleware.logging_middleware:dispatch:59 - request_completed
2026-06-22 10:56:39.056 | INFO     | app.middleware.logging_middleware:dispatch:59 - request_completed
2026-06-22 10:56:39.090 | INFO     | app.middleware.logging_middleware:dispatch:59 - request_completed
2026-06-22 10:56:39.143 | INFO     | app.middleware.logging_middleware:dispatch:59 - request_completed
2026-06-22 10:56:39.313 | INFO     | app.middleware.logging_middleware:dispatch:59 - request_completed
2026-06-22 10:56:39.355 | INFO     | app.middleware.logging_middleware:dispatch:59 - request_completed
2026-06-22 10:56:39.364 | INFO     | app.middleware.logging_middleware:dispatch:59 - request_completed
2026-06-22 10:56:39.433 | INFO     | app.middleware.logging_middleware:dispatch:59 - request_completed
2026-06-22 10:56:39.435 | INFO     | app.middleware.logging_middleware:dispatch:59 - request_completed
2026-06-22 10:56:39.441 | INFO     | app.middleware.logging_middleware:dispatch:59 - request_completed
2026-06-22 10:56:39.443 | INFO     | app.middleware.logging_middleware:dispatch:59 - request_completed
2026-06-22 10:56:39.446 | INFO     | app.middleware.logging_middleware:dispatch:59 - request_completed
2026-06-22 10:56:39.448 | INFO     | app.middleware.logging_middleware:dispatch:59 - request_completed
2026-06-22 10:56:39.480 | INFO     | app.middleware.logging_middleware:dispatch:59 - request_completed
2026-06-22 10:56:39.545 | INFO     | app.middleware.logging_middleware:dispatch:59 - request_completed
2026-06-22 10:56:39.726 | INFO     | app.middleware.logging_middleware:dispatch:59 - request_completed
2026-06-22 10:56:39.768 | INFO     | app.middleware.logging_middleware:dispatch:59 - request_completed
2026-06-22 10:56:39.783 | INFO     | app.middleware.logging_middleware:dispatch:59 - request_completed
2026-06-22 10:56:39.848 | INFO     | app.middleware.logging_middleware:dispatch:59 - request_completed
2026-06-22 10:56:39.852 | INFO     | app.middleware.logging_middleware:dispatch:59 - request_completed
2026-06-22 10:56:39.859 | INFO     | app.middleware.logging_middleware:dispatch:59 - request_completed
2026-06-22 10:56:39.861 | INFO     | app.middleware.logging_middleware:dispatch:59 - request_completed
2026-06-22 10:56:39.863 | INFO     | app.middleware.logging_middleware:dispatch:59 - request_completed
2026-06-22 10:56:39.864 | INFO     | app.middleware.logging_middleware:dispatch:59 - request_completed
2026-06-22 10:56:39.904 | INFO     | app.middleware.logging_middleware:dispatch:59 - request_completed
2026-06-22 10:56:39.954 | INFO     | app.middleware.logging_middleware:dispatch:59 - request_completed
2026-06-22 10:56:40.229 | INFO     | app.middleware.logging_middleware:dispatch:59 - request_completed
2026-06-22 10:56:40.271 | INFO     | app.middleware.logging_middleware:dispatch:59 - request_completed
2026-06-22 10:56:40.287 | INFO     | app.middleware.logging_middleware:dispatch:59 - request_completed
2026-06-22 10:56:40.349 | INFO     | app.middleware.logging_middleware:dispatch:59 - request_completed
2026-06-22 10:56:40.355 | INFO     | app.middleware.logging_middleware:dispatch:59 - request_completed
2026-06-22 10:56:40.356 | INFO     | app.middleware.logging_middleware:dispatch:59 - request_completed
2026-06-22 10:56:40.356 | INFO     | app.middleware.logging_middleware:dispatch:59 - request_completed
2026-06-22 10:56:40.357 | INFO     | app.middleware.logging_middleware:dispatch:59 - request_completed
2026-06-22 10:56:40.363 | INFO     | app.middleware.logging_middleware:dispatch:59 - request_completed
2026-06-22 10:56:40.397 | INFO     | app.middleware.logging_middleware:dispatch:59 - request_completed
2026-06-22 10:56:40.450 | INFO     | app.middleware.logging_middleware:dispatch:59 - request_completed
2026-06-22 10:56:40.725 | INFO     | app.middleware.logging_middleware:dispatch:59 - request_completed
2026-06-22 10:56:40.769 | INFO     | app.middleware.logging_middleware:dispatch:59 - request_completed
2026-06-22 10:56:40.791 | INFO     | app.middleware.logging_middleware:dispatch:59 - request_completed
2026-06-22 10:56:40.851 | INFO     | app.middleware.logging_middleware:dispatch:59 - request_completed
2026-06-22 10:56:40.851 | INFO     | app.middleware.logging_middleware:dispatch:59 - request_completed
2026-06-22 10:56:40.857 | INFO     | app.middleware.logging_middleware:dispatch:59 - request_completed
2026-06-22 10:56:40.859 | INFO     | app.middleware.logging_middleware:dispatch:59 - request_completed
2026-06-22 10:56:40.870 | INFO     | app.middleware.logging_middleware:dispatch:59 - request_completed
2026-06-22 10:56:40.872 | INFO     | app.middleware.logging_middleware:dispatch:59 - request_completed
2026-06-22 10:56:40.901 | INFO     | app.middleware.logging_middleware:dispatch:59 - request_completed
2026-06-22 10:56:40.959 | INFO     | app.middleware.logging_middleware:dispatch:59 - request_completed
2026-06-22 10:56:41.184 | INFO     | app.middleware.logging_middleware:dispatch:59 - request_completed
2026-06-22 10:56:41.227 | INFO     | app.middleware.logging_middleware:dispatch:59 - request_completed
2026-06-22 10:56:41.605 | INFO     | app.middleware.logging_middleware:dispatch:59 - request_completed
2026-06-22 10:56:41.673 | INFO     | app.middleware.logging_middleware:dispatch:59 - request_completed
2026-06-22 10:56:42.022 | INFO     | app.middleware.logging_middleware:dispatch:59 - request_completed
2026-06-22 10:56:42.347 | INFO     | app.middleware.logging_middleware:dispatch:59 - request_completed
2026-06-22 10:56:42.387 | INFO     | app.middleware.logging_middleware:dispatch:59 - request_completed
2026-06-22 10:56:42.402 | INFO     | app.middleware.logging_middleware:dispatch:59 - request_completed
2026-06-22 10:56:42.456 | INFO     | app.middleware.logging_middleware:dispatch:59 - request_completed
2026-06-22 10:56:42.463 | INFO     | app.middleware.logging_middleware:dispatch:59 - request_completed
2026-06-22 10:56:42.469 | INFO     | app.middleware.logging_middleware:dispatch:59 - request_completed
2026-06-22 10:56:42.477 | INFO     | app.middleware.logging_middleware:dispatch:59 - request_completed
2026-06-22 10:56:42.478 | INFO     | app.middleware.logging_middleware:dispatch:59 - request_completed
2026-06-22 10:56:42.480 | INFO     | app.middleware.logging_middleware:dispatch:59 - request_completed
2026-06-22 10:56:42.566 | INFO     | app.middleware.logging_middleware:dispatch:59 - request_completed
2026-06-22 10:56:42.753 | INFO     | app.middleware.logging_middleware:dispatch:59 - request_completed
2026-06-22 10:56:42.795 | INFO     | app.middleware.logging_middleware:dispatch:59 - request_completed
2026-06-22 10:56:42.809 | INFO     | app.middleware.logging_middleware:dispatch:59 - request_completed
2026-06-22 10:56:42.859 | INFO     | app.middleware.logging_middleware:dispatch:59 - request_completed
2026-06-22 10:56:42.870 | INFO     | app.middleware.logging_middleware:dispatch:59 - request_completed
2026-06-22 10:56:42.881 | INFO     | app.middleware.logging_middleware:dispatch:59 - request_completed
2026-06-22 10:56:42.885 | INFO     | app.middleware.logging_middleware:dispatch:59 - request_completed
2026-06-22 10:56:42.886 | INFO     | app.middleware.logging_middleware:dispatch:59 - request_completed
2026-06-22 10:56:42.888 | INFO     | app.middleware.logging_middleware:dispatch:59 - request_completed
2026-06-22 10:56:42.997 | INFO     | app.middleware.logging_middleware:dispatch:59 - request_completed
2026-06-22 10:56:43.230 | INFO     | app.middleware.logging_middleware:dispatch:59 - request_completed
2026-06-22 10:56:43.300 | INFO     | app.middleware.logging_middleware:dispatch:59 - request_completed
2026-06-22 10:56:43.634 | INFO     | app.middleware.logging_middleware:dispatch:59 - request_completed
2026-06-22 10:56:43.997 | INFO     | app.middleware.logging_middleware:dispatch:59 - request_completed
2026-06-22 10:56:44.050 | INFO     | app.middleware.logging_middleware:dispatch:59 - request_completed
2026-06-22 10:56:44.356 | INFO     | app.middleware.logging_middleware:dispatch:59 - request_completed
2026-06-22 10:56:44.398 | INFO     | app.middleware.logging_middleware:dispatch:59 - request_completed
2026-06-22 10:56:44.740 | INFO     | app.middleware.logging_middleware:dispatch:59 - request_completed
2026-06-22 10:56:44.781 | INFO     | app.middleware.logging_middleware:dispatch:59 - request_completed
2026-06-22 10:56:45.130 | INFO     | app.middleware.logging_middleware:dispatch:59 - request_completed
2026-06-22 10:56:45.176 | INFO     | app.middleware.logging_middleware:dispatch:59 - request_completed
2026-06-22 10:56:45.228 | INFO     | app.middleware.logging_middleware:dispatch:59 - request_completed
2026-06-22 10:56:45.255 | INFO     | app.middleware.logging_middleware:dispatch:59 - request_completed
2026-06-22 10:56:45.313 | INFO     | app.middleware.logging_middleware:dispatch:59 - request_completed
2026-06-22 10:56:45.321 | INFO     | app.middleware.logging_middleware:dispatch:59 - request_completed
2026-06-22 10:56:45.325 | INFO     | app.middleware.logging_middleware:dispatch:59 - request_completed
2026-06-22 10:56:45.328 | INFO     | app.middleware.logging_middleware:dispatch:59 - request_completed
2026-06-22 10:56:45.334 | INFO     | app.middleware.logging_middleware:dispatch:59 - request_completed
2026-06-22 10:56:45.413 | INFO     | app.middleware.logging_middleware:dispatch:59 - request_completed
2026-06-22 10:56:45.619 | INFO     | app.middleware.logging_middleware:dispatch:59 - request_completed
2026-06-22 10:56:45.932 | INFO     | app.middleware.logging_middleware:dispatch:59 - request_completed
2026-06-22 10:56:45.971 | INFO     | app.middleware.logging_middleware:dispatch:59 - request_completed
2026-06-22 10:56:46.308 | INFO     | app.middleware.logging_middleware:dispatch:59 - request_completed
2026-06-22 10:56:46.348 | INFO     | app.middleware.logging_middleware:dispatch:59 - request_completed
2026-06-22 10:56:46.363 | INFO     | app.middleware.logging_middleware:dispatch:59 - request_completed
2026-06-22 10:56:46.408 | INFO     | app.middleware.logging_middleware:dispatch:59 - request_completed
2026-06-22 10:56:46.428 | INFO     | app.middleware.logging_middleware:dispatch:59 - request_completed
2026-06-22 10:56:46.436 | INFO     | app.middleware.logging_middleware:dispatch:59 - request_completed
2026-06-22 10:56:46.438 | INFO     | app.middleware.logging_middleware:dispatch:59 - request_completed
2026-06-22 10:56:46.439 | INFO     | app.middleware.logging_middleware:dispatch:59 - request_completed
2026-06-22 10:56:46.441 | INFO     | app.middleware.logging_middleware:dispatch:59 - request_completed
2026-06-22 10:56:46.528 | INFO     | app.middleware.logging_middleware:dispatch:59 - request_completed
2026-06-22 10:56:46.720 | INFO     | app.middleware.logging_middleware:dispatch:59 - request_completed
2026-06-22 10:56:46.764 | INFO     | app.middleware.logging_middleware:dispatch:59 - request_completed
2026-06-22 10:56:47.089 | INFO     | app.middleware.logging_middleware:dispatch:59 - request_completed
2026-06-22 10:56:47.129 | INFO     | app.middleware.logging_middleware:dispatch:59 - request_completed
2026-06-22 10:56:47.142 | INFO     | app.middleware.logging_middleware:dispatch:59 - request_completed
2026-06-22 10:56:47.203 | INFO     | app.middleware.logging_middleware:dispatch:59 - request_completed
2026-06-22 10:56:47.210 | INFO     | app.middleware.logging_middleware:dispatch:59 - request_completed
2026-06-22 10:56:47.218 | INFO     | app.middleware.logging_middleware:dispatch:59 - request_completed
2026-06-22 10:56:47.222 | INFO     | app.middleware.logging_middleware:dispatch:59 - request_completed
2026-06-22 10:56:47.223 | INFO     | app.middleware.logging_middleware:dispatch:59 - request_completed
2026-06-22 10:56:47.226 | INFO     | app.middleware.logging_middleware:dispatch:59 - request_completed
2026-06-22 10:56:47.238 | INFO     | app.middleware.logging_middleware:dispatch:59 - request_completed
2026-06-22 10:56:47.312 | INFO     | app.middleware.logging_middleware:dispatch:59 - request_completed
2026-06-22 10:56:47.529 | INFO     | app.middleware.logging_middleware:dispatch:59 - request_completed
2026-06-22 10:56:47.571 | INFO     | app.middleware.logging_middleware:dispatch:59 - request_completed
2026-06-22 10:56:48.083 | INFO     | app.middleware.logging_middleware:dispatch:59 - request_completed
2026-06-22 10:56:48.153 | INFO     | app.middleware.logging_middleware:dispatch:59 - request_completed
2026-06-22 10:56:49.192 | INFO     | app.middleware.logging_middleware:dispatch:59 - request_completed
2026-06-22 10:56:49.269 | INFO     | app.middleware.logging_middleware:dispatch:59 - request_completed
2026-06-22 10:56:49.301 | INFO     | app.middleware.logging_middleware:dispatch:59 - request_completed
2026-06-22 10:56:49.363 | INFO     | app.middleware.logging_middleware:dispatch:59 - request_completed
2026-06-22 10:56:49.373 | INFO     | app.middleware.logging_middleware:dispatch:59 - request_completed
2026-06-22 10:56:49.380 | INFO     | app.middleware.logging_middleware:dispatch:59 - request_completed
2026-06-22 10:56:49.393 | INFO     | app.middleware.logging_middleware:dispatch:59 - request_completed
2026-06-22 10:56:49.401 | INFO     | app.middleware.logging_middleware:dispatch:59 - request_completed
2026-06-22 10:56:49.406 | INFO     | app.middleware.logging_middleware:dispatch:59 - request_completed
2026-06-22 10:56:49.427 | INFO     | app.middleware.logging_middleware:dispatch:59 - request_completed
2026-06-22 10:56:49.491 | INFO     | app.middleware.logging_middleware:dispatch:59 - request_completed
2026-06-22 10:56:59.866 | INFO     | app.middleware.logging_middleware:dispatch:59 - request_completed
2026-06-22 10:56:59.907 | INFO     | app.middleware.logging_middleware:dispatch:59 - request_completed
2026-06-22 10:56:59.919 | INFO     | app.middleware.logging_middleware:dispatch:59 - request_completed
2026-06-22 10:56:59.980 | INFO     | app.middleware.logging_middleware:dispatch:59 - request_completed
2026-06-22 10:56:59.984 | INFO     | app.middleware.logging_middleware:dispatch:59 - request_completed
2026-06-22 10:56:59.989 | INFO     | app.middleware.logging_middleware:dispatch:59 - request_completed
2026-06-22 10:56:59.995 | INFO     | app.middleware.logging_middleware:dispatch:59 - request_completed
2026-06-22 10:56:59.996 | INFO     | app.middleware.logging_middleware:dispatch:59 - request_completed
2026-06-22 10:56:59.999 | INFO     | app.middleware.logging_middleware:dispatch:59 - request_completed
2026-06-22 10:57:00.024 | INFO     | app.middleware.logging_middleware:dispatch:59 - request_completed
2026-06-22 10:57:00.083 | INFO     | app.middleware.logging_middleware:dispatch:59 - request_completed
2026-06-22 10:57:00.593 | INFO     | app.middleware.logging_middleware:dispatch:59 - request_completed
2026-06-22 10:57:00.631 | INFO     | app.middleware.logging_middleware:dispatch:59 - request_completed
2026-06-22 10:57:00.646 | INFO     | app.middleware.logging_middleware:dispatch:59 - request_completed
2026-06-22 10:57:00.705 | INFO     | app.middleware.logging_middleware:dispatch:59 - request_completed
2026-06-22 10:57:00.709 | INFO     | app.middleware.logging_middleware:dispatch:59 - request_completed
2026-06-22 10:57:00.714 | INFO     | app.middleware.logging_middleware:dispatch:59 - request_completed
2026-06-22 10:57:00.717 | INFO     | app.middleware.logging_middleware:dispatch:59 - request_completed
2026-06-22 10:57:00.723 | INFO     | app.middleware.logging_middleware:dispatch:59 - request_completed
2026-06-22 10:57:00.725 | INFO     | app.middleware.logging_middleware:dispatch:59 - request_completed
2026-06-22 10:57:00.753 | INFO     | app.middleware.logging_middleware:dispatch:59 - request_completed
2026-06-22 10:57:00.811 | INFO     | app.middleware.logging_middleware:dispatch:59 - request_completed
2026-06-22 10:57:00.977 | INFO     | app.middleware.logging_middleware:dispatch:59 - request_completed
2026-06-22 10:57:01.015 | INFO     | app.middleware.logging_middleware:dispatch:59 - request_completed
2026-06-22 10:57:01.024 | INFO     | app.middleware.logging_middleware:dispatch:59 - request_completed
2026-06-22 10:57:01.090 | INFO     | app.middleware.logging_middleware:dispatch:59 - request_completed
2026-06-22 10:57:01.092 | INFO     | app.middleware.logging_middleware:dispatch:59 - request_completed
2026-06-22 10:57:01.093 | INFO     | app.middleware.logging_middleware:dispatch:59 - request_completed
2026-06-22 10:57:01.100 | INFO     | app.middleware.logging_middleware:dispatch:59 - request_completed
2026-06-22 10:57:01.100 | INFO     | app.middleware.logging_middleware:dispatch:59 - request_completed
2026-06-22 10:57:01.105 | INFO     | app.middleware.logging_middleware:dispatch:59 - request_completed
2026-06-22 10:57:01.136 | INFO     | app.middleware.logging_middleware:dispatch:59 - request_completed
2026-06-22 10:57:01.190 | INFO     | app.middleware.logging_middleware:dispatch:59 - request_completed
2026-06-22 10:57:01.408 | INFO     | app.middleware.logging_middleware:dispatch:59 - request_completed
2026-06-22 10:57:01.480 | INFO     | app.middleware.logging_middleware:dispatch:59 - request_completed
2026-06-22 10:57:01.492 | INFO     | app.middleware.logging_middleware:dispatch:59 - request_completed
2026-06-22 10:57:01.556 | INFO     | app.middleware.logging_middleware:dispatch:59 - request_completed
2026-06-22 10:57:01.566 | INFO     | app.middleware.logging_middleware:dispatch:59 - request_completed
2026-06-22 10:57:01.568 | INFO     | app.middleware.logging_middleware:dispatch:59 - request_completed
2026-06-22 10:57:01.569 | INFO     | app.middleware.logging_middleware:dispatch:59 - request_completed
2026-06-22 10:57:01.571 | INFO     | app.middleware.logging_middleware:dispatch:59 - request_completed
2026-06-22 10:57:01.574 | INFO     | app.middleware.logging_middleware:dispatch:59 - request_completed
2026-06-22 10:57:01.588 | INFO     | app.middleware.logging_middleware:dispatch:59 - request_completed
2026-06-22 10:57:01.656 | INFO     | app.middleware.logging_middleware:dispatch:59 - request_completed
2026-06-22 10:57:01.787 | INFO     | app.middleware.logging_middleware:dispatch:59 - request_completed
2026-06-22 10:57:01.826 | INFO     | app.middleware.logging_middleware:dispatch:59 - request_completed
2026-06-22 10:57:01.836 | INFO     | app.middleware.logging_middleware:dispatch:59 - request_completed
2026-06-22 10:57:01.897 | INFO     | app.middleware.logging_middleware:dispatch:59 - request_completed
2026-06-22 10:57:01.901 | INFO     | app.middleware.logging_middleware:dispatch:59 - request_completed
2026-06-22 10:57:01.906 | INFO     | app.middleware.logging_middleware:dispatch:59 - request_completed
2026-06-22 10:57:01.909 | INFO     | app.middleware.logging_middleware:dispatch:59 - request_completed
2026-06-22 10:57:01.914 | INFO     | app.middleware.logging_middleware:dispatch:59 - request_completed
2026-06-22 10:57:01.915 | INFO     | app.middleware.logging_middleware:dispatch:59 - request_completed
2026-06-22 10:57:01.936 | INFO     | app.middleware.logging_middleware:dispatch:59 - request_completed
2026-06-22 10:57:02.004 | INFO     | app.middleware.logging_middleware:dispatch:59 - request_completed
2026-06-22 10:57:02.190 | INFO     | app.middleware.logging_middleware:dispatch:59 - request_completed
2026-06-22 10:57:02.231 | INFO     | app.middleware.logging_middleware:dispatch:59 - request_completed
2026-06-22 10:57:02.242 | INFO     | app.middleware.logging_middleware:dispatch:59 - request_completed
2026-06-22 10:57:02.305 | INFO     | app.middleware.logging_middleware:dispatch:59 - request_completed
2026-06-22 10:57:02.309 | INFO     | app.middleware.logging_middleware:dispatch:59 - request_completed
2026-06-22 10:57:02.311 | INFO     | app.middleware.logging_middleware:dispatch:59 - request_completed
2026-06-22 10:57:02.316 | INFO     | app.middleware.logging_middleware:dispatch:59 - request_completed
2026-06-22 10:57:02.318 | INFO     | app.middleware.logging_middleware:dispatch:59 - request_completed
2026-06-22 10:57:02.318 | INFO     | app.middleware.logging_middleware:dispatch:59 - request_completed
2026-06-22 10:57:02.356 | INFO     | app.middleware.logging_middleware:dispatch:59 - request_completed
2026-06-22 10:57:02.402 | INFO     | app.middleware.logging_middleware:dispatch:59 - request_completed
2026-06-22 10:57:02.589 | INFO     | app.middleware.logging_middleware:dispatch:59 - request_completed
2026-06-22 10:57:02.632 | INFO     | app.middleware.logging_middleware:dispatch:59 - request_completed
2026-06-22 10:57:02.651 | INFO     | app.middleware.logging_middleware:dispatch:59 - request_completed
2026-06-22 10:57:02.711 | INFO     | app.middleware.logging_middleware:dispatch:59 - request_completed
2026-06-22 10:57:02.712 | INFO     | app.middleware.logging_middleware:dispatch:59 - request_completed
2026-06-22 10:57:02.714 | INFO     | app.middleware.logging_middleware:dispatch:59 - request_completed
2026-06-22 10:57:02.720 | INFO     | app.middleware.logging_middleware:dispatch:59 - request_completed
2026-06-22 10:57:02.728 | INFO     | app.middleware.logging_middleware:dispatch:59 - request_completed
2026-06-22 10:57:02.731 | INFO     | app.middleware.logging_middleware:dispatch:59 - request_completed
2026-06-22 10:57:02.752 | INFO     | app.middleware.logging_middleware:dispatch:59 - request_completed
2026-06-22 10:57:02.834 | INFO     | app.middleware.logging_middleware:dispatch:59 - request_completed
2026-06-22 10:57:02.986 | INFO     | app.middleware.logging_middleware:dispatch:59 - request_completed
2026-06-22 10:57:03.029 | INFO     | app.middleware.logging_middleware:dispatch:59 - request_completed
2026-06-22 10:57:03.038 | INFO     | app.middleware.logging_middleware:dispatch:59 - request_completed
2026-06-22 10:57:03.106 | INFO     | app.middleware.logging_middleware:dispatch:59 - request_completed
2026-06-22 10:57:03.111 | INFO     | app.middleware.logging_middleware:dispatch:59 - request_completed
2026-06-22 10:57:03.113 | INFO     | app.middleware.logging_middleware:dispatch:59 - request_completed
2026-06-22 10:57:03.117 | INFO     | app.middleware.logging_middleware:dispatch:59 - request_completed
2026-06-22 10:57:03.122 | INFO     | app.middleware.logging_middleware:dispatch:59 - request_completed
2026-06-22 10:57:03.123 | INFO     | app.middleware.logging_middleware:dispatch:59 - request_completed
2026-06-22 10:57:03.183 | INFO     | app.middleware.logging_middleware:dispatch:59 - request_completed
2026-06-22 10:57:03.229 | INFO     | app.middleware.logging_middleware:dispatch:59 - request_completed
2026-06-22 10:57:03.526 | INFO     | app.middleware.logging_middleware:dispatch:59 - request_completed
2026-06-22 10:57:03.570 | INFO     | app.middleware.logging_middleware:dispatch:59 - request_completed
2026-06-22 10:57:03.584 | INFO     | app.middleware.logging_middleware:dispatch:59 - request_completed
2026-06-22 10:57:03.640 | INFO     | app.middleware.logging_middleware:dispatch:59 - request_completed
2026-06-22 10:57:03.644 | INFO     | app.middleware.logging_middleware:dispatch:59 - request_completed
2026-06-22 10:57:03.646 | INFO     | app.middleware.logging_middleware:dispatch:59 - request_completed
2026-06-22 10:57:03.653 | INFO     | app.middleware.logging_middleware:dispatch:59 - request_completed
2026-06-22 10:57:03.654 | INFO     | app.middleware.logging_middleware:dispatch:59 - request_completed
2026-06-22 10:57:03.655 | INFO     | app.middleware.logging_middleware:dispatch:59 - request_completed
2026-06-22 10:57:03.690 | INFO     | app.middleware.logging_middleware:dispatch:59 - request_completed
2026-06-22 10:57:03.740 | INFO     | app.middleware.logging_middleware:dispatch:59 - request_completed
2026-06-22 10:57:04.183 | INFO     | app.middleware.logging_middleware:dispatch:59 - request_completed
2026-06-22 10:57:04.520 | INFO     | app.middleware.logging_middleware:dispatch:59 - request_completed
2026-06-22 10:57:04.559 | INFO     | app.middleware.logging_middleware:dispatch:59 - request_completed
2026-06-22 10:57:04.890 | INFO     | app.middleware.logging_middleware:dispatch:59 - request_completed
2026-06-22 10:57:04.930 | INFO     | app.middleware.logging_middleware:dispatch:59 - request_completed
2026-06-22 10:57:04.950 | INFO     | app.middleware.logging_middleware:dispatch:59 - request_completed
2026-06-22 10:57:04.983 | INFO     | app.middleware.logging_middleware:dispatch:59 - request_completed
2026-06-22 10:57:05.011 | INFO     | app.middleware.logging_middleware:dispatch:59 - request_completed
2026-06-22 10:57:05.015 | INFO     | app.middleware.logging_middleware:dispatch:59 - request_completed
2026-06-22 10:57:05.023 | INFO     | app.middleware.logging_middleware:dispatch:59 - request_completed
2026-06-22 10:57:05.024 | INFO     | app.middleware.logging_middleware:dispatch:59 - request_completed
2026-06-22 10:57:05.027 | INFO     | app.middleware.logging_middleware:dispatch:59 - request_completed
2026-06-22 10:57:05.124 | INFO     | app.middleware.logging_middleware:dispatch:59 - request_completed
2026-06-22 10:57:05.289 | INFO     | app.middleware.logging_middleware:dispatch:59 - request_completed
2026-06-22 10:57:05.331 | INFO     | app.middleware.logging_middleware:dispatch:59 - request_completed
2026-06-22 10:57:05.346 | INFO     | app.middleware.logging_middleware:dispatch:59 - request_completed
2026-06-22 10:57:05.388 | INFO     | app.middleware.logging_middleware:dispatch:59 - request_completed
2026-06-22 10:57:05.404 | INFO     | app.middleware.logging_middleware:dispatch:59 - request_completed
2026-06-22 10:57:05.408 | INFO     | app.middleware.logging_middleware:dispatch:59 - request_completed
2026-06-22 10:57:05.415 | INFO     | app.middleware.logging_middleware:dispatch:59 - request_completed
2026-06-22 10:57:05.419 | INFO     | app.middleware.logging_middleware:dispatch:59 - request_completed
2026-06-22 10:57:05.427 | INFO     | app.middleware.logging_middleware:dispatch:59 - request_completed
2026-06-22 10:57:05.430 | INFO     | app.middleware.logging_middleware:dispatch:59 - request_completed
2026-06-22 10:57:05.511 | INFO     | app.middleware.logging_middleware:dispatch:59 - request_completed
2026-06-22 10:57:05.692 | INFO     | app.middleware.logging_middleware:dispatch:59 - request_completed
2026-06-22 10:57:05.731 | INFO     | app.middleware.logging_middleware:dispatch:59 - request_completed
2026-06-22 10:57:05.743 | INFO     | app.middleware.logging_middleware:dispatch:59 - request_completed
2026-06-22 10:57:05.793 | INFO     | app.middleware.logging_middleware:dispatch:59 - request_completed
2026-06-22 10:57:05.807 | INFO     | app.middleware.logging_middleware:dispatch:59 - request_completed
2026-06-22 10:57:05.812 | INFO     | app.middleware.logging_middleware:dispatch:59 - request_completed
2026-06-22 10:57:05.819 | INFO     | app.middleware.logging_middleware:dispatch:59 - request_completed
2026-06-22 10:57:05.820 | INFO     | app.middleware.logging_middleware:dispatch:59 - request_completed
2026-06-22 10:57:05.821 | INFO     | app.middleware.logging_middleware:dispatch:59 - request_completed
2026-06-22 10:57:05.828 | INFO     | app.middleware.logging_middleware:dispatch:59 - request_completed
2026-06-22 10:57:05.914 | INFO     | app.middleware.logging_middleware:dispatch:59 - request_completed
2026-06-22 10:57:06.096 | INFO     | app.middleware.logging_middleware:dispatch:59 - request_completed
2026-06-22 10:57:06.139 | INFO     | app.middleware.logging_middleware:dispatch:59 - request_completed
2026-06-22 10:57:06.157 | INFO     | app.middleware.logging_middleware:dispatch:59 - request_completed
2026-06-22 10:57:06.196 | INFO     | app.middleware.logging_middleware:dispatch:59 - request_completed
2026-06-22 10:57:06.216 | INFO     | app.middleware.logging_middleware:dispatch:59 - request_completed
2026-06-22 10:57:06.218 | INFO     | app.middleware.logging_middleware:dispatch:59 - request_completed
2026-06-22 10:57:06.224 | INFO     | app.middleware.logging_middleware:dispatch:59 - request_completed
2026-06-22 10:57:06.227 | INFO     | app.middleware.logging_middleware:dispatch:59 - request_completed
2026-06-22 10:57:06.229 | INFO     | app.middleware.logging_middleware:dispatch:59 - request_completed
2026-06-22 10:57:06.232 | INFO     | app.middleware.logging_middleware:dispatch:59 - request_completed
2026-06-22 10:57:06.317 | INFO     | app.middleware.logging_middleware:dispatch:59 - request_completed
2026-06-22 10:57:06.491 | INFO     | app.middleware.logging_middleware:dispatch:59 - request_completed
2026-06-22 10:57:06.535 | INFO     | app.middleware.logging_middleware:dispatch:59 - request_completed
2026-06-22 10:57:06.547 | INFO     | app.middleware.logging_middleware:dispatch:59 - request_completed
2026-06-22 10:57:06.614 | INFO     | app.middleware.logging_middleware:dispatch:59 - request_completed
2026-06-22 10:57:06.620 | INFO     | app.middleware.logging_middleware:dispatch:59 - request_completed
2026-06-22 10:57:06.621 | INFO     | app.middleware.logging_middleware:dispatch:59 - request_completed
2026-06-22 10:57:06.624 | INFO     | app.middleware.logging_middleware:dispatch:59 - request_completed
2026-06-22 10:57:06.627 | INFO     | app.middleware.logging_middleware:dispatch:59 - request_completed
2026-06-22 10:57:06.642 | INFO     | app.middleware.logging_middleware:dispatch:59 - request_completed
2026-06-22 10:57:06.710 | INFO     | app.middleware.logging_middleware:dispatch:59 - request_completed
2026-06-22 10:57:06.975 | INFO     | app.middleware.logging_middleware:dispatch:59 - request_completed
2026-06-22 10:57:07.046 | INFO     | app.middleware.logging_middleware:dispatch:59 - request_completed
2026-06-22 10:57:07.404 | INFO     | app.middleware.logging_middleware:dispatch:59 - request_completed
2026-06-22 10:57:07.459 | INFO     | app.middleware.logging_middleware:dispatch:59 - request_completed
2026-06-22 10:57:07.726 | INFO     | app.middleware.logging_middleware:dispatch:59 - request_completed
2026-06-22 10:57:07.767 | INFO     | app.middleware.logging_middleware:dispatch:59 - request_completed
2026-06-22 10:57:07.779 | INFO     | app.middleware.logging_middleware:dispatch:59 - request_completed
2026-06-22 10:57:07.826 | INFO     | app.middleware.logging_middleware:dispatch:59 - request_completed
2026-06-22 10:57:07.842 | INFO     | app.middleware.logging_middleware:dispatch:59 - request_completed
2026-06-22 10:57:07.852 | INFO     | app.middleware.logging_middleware:dispatch:59 - request_completed
2026-06-22 10:57:07.853 | INFO     | app.middleware.logging_middleware:dispatch:59 - request_completed
2026-06-22 10:57:07.854 | INFO     | app.middleware.logging_middleware:dispatch:59 - request_completed
2026-06-22 10:57:07.857 | INFO     | app.middleware.logging_middleware:dispatch:59 - request_completed
2026-06-22 10:57:07.941 | INFO     | app.middleware.logging_middleware:dispatch:59 - request_completed
2026-06-22 10:57:08.119 | INFO     | app.middleware.logging_middleware:dispatch:59 - request_completed
2026-06-22 10:57:08.160 | INFO     | app.middleware.logging_middleware:dispatch:59 - request_completed
2026-06-22 10:57:08.180 | INFO     | app.middleware.logging_middleware:dispatch:59 - request_completed
2026-06-22 10:57:08.233 | INFO     | app.middleware.logging_middleware:dispatch:59 - request_completed
2026-06-22 10:57:08.241 | INFO     | app.middleware.logging_middleware:dispatch:59 - request_completed
2026-06-22 10:57:08.247 | INFO     | app.middleware.logging_middleware:dispatch:59 - request_completed
2026-06-22 10:57:08.249 | INFO     | app.middleware.logging_middleware:dispatch:59 - request_completed
2026-06-22 10:57:08.250 | INFO     | app.middleware.logging_middleware:dispatch:59 - request_completed
2026-06-22 10:57:08.258 | INFO     | app.middleware.logging_middleware:dispatch:59 - request_completed
2026-06-22 10:57:08.349 | INFO     | app.middleware.logging_middleware:dispatch:59 - request_completed
2026-06-22 10:57:08.531 | INFO     | app.middleware.logging_middleware:dispatch:59 - request_completed
2026-06-22 10:57:08.570 | INFO     | app.middleware.logging_middleware:dispatch:59 - request_completed
2026-06-22 10:57:08.583 | INFO     | app.middleware.logging_middleware:dispatch:59 - request_completed
2026-06-22 10:57:08.637 | INFO     | app.middleware.logging_middleware:dispatch:59 - request_completed
2026-06-22 10:57:08.648 | INFO     | app.middleware.logging_middleware:dispatch:59 - request_completed
2026-06-22 10:57:08.653 | INFO     | app.middleware.logging_middleware:dispatch:59 - request_completed
2026-06-22 10:57:08.655 | INFO     | app.middleware.logging_middleware:dispatch:59 - request_completed
2026-06-22 10:57:08.657 | INFO     | app.middleware.logging_middleware:dispatch:59 - request_completed
2026-06-22 10:57:08.662 | INFO     | app.middleware.logging_middleware:dispatch:59 - request_completed
2026-06-22 10:57:08.750 | INFO     | app.middleware.logging_middleware:dispatch:59 - request_completed
2026-06-22 10:57:08.954 | INFO     | app.middleware.logging_middleware:dispatch:59 - request_completed
2026-06-22 10:57:08.992 | INFO     | app.middleware.logging_middleware:dispatch:59 - request_completed
2026-06-22 10:57:09.304 | INFO     | app.middleware.logging_middleware:dispatch:59 - request_completed
2026-06-22 10:57:09.343 | INFO     | app.middleware.logging_middleware:dispatch:59 - request_completed
2026-06-22 10:57:09.353 | INFO     | app.middleware.logging_middleware:dispatch:59 - request_completed
2026-06-22 10:57:09.413 | INFO     | app.middleware.logging_middleware:dispatch:59 - request_completed
2026-06-22 10:57:09.417 | INFO     | app.middleware.logging_middleware:dispatch:59 - request_completed
2026-06-22 10:57:09.428 | INFO     | app.middleware.logging_middleware:dispatch:59 - request_completed
2026-06-22 10:57:09.429 | INFO     | app.middleware.logging_middleware:dispatch:59 - request_completed
2026-06-22 10:57:09.430 | INFO     | app.middleware.logging_middleware:dispatch:59 - request_completed
2026-06-22 10:57:09.431 | INFO     | app.middleware.logging_middleware:dispatch:59 - request_completed
2026-06-22 10:57:09.450 | INFO     | app.middleware.logging_middleware:dispatch:59 - request_completed
2026-06-22 10:57:09.516 | INFO     | app.middleware.logging_middleware:dispatch:59 - request_completed
2026-06-22 10:57:09.714 | INFO     | app.middleware.logging_middleware:dispatch:59 - request_completed
2026-06-22 10:57:09.757 | INFO     | app.middleware.logging_middleware:dispatch:59 - request_completed
2026-06-22 10:57:09.773 | INFO     | app.middleware.logging_middleware:dispatch:59 - request_completed
2026-06-22 10:57:09.833 | INFO     | app.middleware.logging_middleware:dispatch:59 - request_completed
2026-06-22 10:57:09.837 | INFO     | app.middleware.logging_middleware:dispatch:59 - request_completed
2026-06-22 10:57:09.838 | INFO     | app.middleware.logging_middleware:dispatch:59 - request_completed
2026-06-22 10:57:09.847 | INFO     | app.middleware.logging_middleware:dispatch:59 - request_completed
2026-06-22 10:57:09.850 | INFO     | app.middleware.logging_middleware:dispatch:59 - request_completed
2026-06-22 10:57:09.851 | INFO     | app.middleware.logging_middleware:dispatch:59 - request_completed
2026-06-22 10:57:09.936 | INFO     | app.middleware.logging_middleware:dispatch:59 - request_completed
2026-06-22 10:57:10.118 | INFO     | app.middleware.logging_middleware:dispatch:59 - request_completed
2026-06-22 10:57:10.157 | INFO     | app.middleware.logging_middleware:dispatch:59 - request_completed
2026-06-22 10:57:10.170 | INFO     | app.middleware.logging_middleware:dispatch:59 - request_completed
2026-06-22 10:57:10.231 | INFO     | app.middleware.logging_middleware:dispatch:59 - request_completed
2026-06-22 10:57:10.236 | INFO     | app.middleware.logging_middleware:dispatch:59 - request_completed
2026-06-22 10:57:10.246 | INFO     | app.middleware.logging_middleware:dispatch:59 - request_completed
2026-06-22 10:57:10.253 | INFO     | app.middleware.logging_middleware:dispatch:59 - request_completed
2026-06-22 10:57:10.259 | INFO     | app.middleware.logging_middleware:dispatch:59 - request_completed
2026-06-22 10:57:10.261 | INFO     | app.middleware.logging_middleware:dispatch:59 - request_completed
2026-06-22 10:57:10.272 | INFO     | app.middleware.logging_middleware:dispatch:59 - request_completed
2026-06-22 10:57:10.352 | INFO     | app.middleware.logging_middleware:dispatch:59 - request_completed
2026-06-22 10:57:10.552 | INFO     | app.middleware.logging_middleware:dispatch:59 - request_completed
2026-06-22 10:57:10.596 | INFO     | app.middleware.logging_middleware:dispatch:59 - request_completed
2026-06-22 10:57:10.618 | INFO     | app.middleware.logging_middleware:dispatch:59 - request_completed
2026-06-22 10:57:10.671 | INFO     | app.middleware.logging_middleware:dispatch:59 - request_completed
2026-06-22 10:57:10.689 | INFO     | app.middleware.logging_middleware:dispatch:59 - request_completed
2026-06-22 10:57:10.692 | INFO     | app.middleware.logging_middleware:dispatch:59 - request_completed
2026-06-22 10:57:10.698 | INFO     | app.middleware.logging_middleware:dispatch:59 - request_completed
2026-06-22 10:57:10.700 | INFO     | app.middleware.logging_middleware:dispatch:59 - request_completed
2026-06-22 10:57:10.703 | INFO     | app.middleware.logging_middleware:dispatch:59 - request_completed
2026-06-22 10:57:10.789 | INFO     | app.middleware.logging_middleware:dispatch:59 - request_completed
2026-06-22 10:57:10.981 | INFO     | app.middleware.logging_middleware:dispatch:59 - request_completed
2026-06-22 10:57:11.022 | INFO     | app.middleware.logging_middleware:dispatch:59 - request_completed
2026-06-22 10:57:11.330 | INFO     | app.middleware.logging_middleware:dispatch:59 - request_completed
2026-06-22 10:57:11.373 | INFO     | app.middleware.logging_middleware:dispatch:59 - request_completed
2026-06-22 10:57:11.465 | INFO     | app.middleware.logging_middleware:dispatch:59 - request_completed
2026-06-22 10:57:11.482 | INFO     | app.middleware.logging_middleware:dispatch:59 - request_completed
2026-06-22 10:57:11.520 | INFO     | app.middleware.logging_middleware:dispatch:59 - request_completed
2026-06-22 10:57:11.521 | INFO     | app.middleware.logging_middleware:dispatch:59 - request_completed
2026-06-22 10:57:11.532 | INFO     | app.middleware.logging_middleware:dispatch:59 - request_completed
2026-06-22 10:57:11.538 | INFO     | app.middleware.logging_middleware:dispatch:59 - request_completed
2026-06-22 10:57:11.548 | INFO     | app.middleware.logging_middleware:dispatch:59 - request_completed
2026-06-22 10:57:11.630 | INFO     | app.middleware.logging_middleware:dispatch:59 - request_completed
2026-06-22 10:57:11.835 | INFO     | app.middleware.logging_middleware:dispatch:59 - request_completed
2026-06-22 10:57:12.164 | INFO     | app.middleware.logging_middleware:dispatch:59 - request_completed
2026-06-22 10:57:12.226 | INFO     | app.middleware.logging_middleware:dispatch:59 - request_completed
2026-06-22 10:57:12.604 | INFO     | app.middleware.logging_middleware:dispatch:59 - request_completed
2026-06-22 10:57:12.948 | INFO     | app.middleware.logging_middleware:dispatch:59 - request_completed
2026-06-22 10:57:12.993 | INFO     | app.middleware.logging_middleware:dispatch:59 - request_completed
2026-06-22 10:57:13.328 | INFO     | app.middleware.logging_middleware:dispatch:59 - request_completed
2026-06-22 10:57:13.372 | INFO     | app.middleware.logging_middleware:dispatch:59 - request_completed
2026-06-22 10:57:13.742 | INFO     | app.middleware.logging_middleware:dispatch:59 - request_completed
2026-06-22 10:57:13.786 | INFO     | app.middleware.logging_middleware:dispatch:59 - request_completed
2026-06-22 10:57:14.092 | INFO     | app.middleware.logging_middleware:dispatch:59 - request_completed
2026-06-22 10:57:14.134 | INFO     | app.middleware.logging_middleware:dispatch:59 - request_completed
2026-06-22 10:57:14.147 | INFO     | app.middleware.logging_middleware:dispatch:59 - request_completed
2026-06-22 10:57:14.218 | INFO     | app.middleware.logging_middleware:dispatch:59 - request_completed
2026-06-22 10:57:14.220 | INFO     | app.middleware.logging_middleware:dispatch:59 - request_completed
2026-06-22 10:57:14.227 | INFO     | app.middleware.logging_middleware:dispatch:59 - request_completed
2026-06-22 10:57:14.229 | INFO     | app.middleware.logging_middleware:dispatch:59 - request_completed
2026-06-22 10:57:14.231 | INFO     | app.middleware.logging_middleware:dispatch:59 - request_completed
2026-06-22 10:57:14.243 | INFO     | app.middleware.logging_middleware:dispatch:59 - request_completed
2026-06-22 10:57:14.315 | INFO     | app.middleware.logging_middleware:dispatch:59 - request_completed
2026-06-22 10:57:14.522 | INFO     | app.middleware.logging_middleware:dispatch:59 - request_completed
2026-06-22 10:57:14.562 | INFO     | app.middleware.logging_middleware:dispatch:59 - request_completed
2026-06-22 10:57:14.879 | INFO     | app.middleware.logging_middleware:dispatch:59 - request_completed
2026-06-22 10:57:14.922 | INFO     | app.middleware.logging_middleware:dispatch:59 - request_completed
2026-06-22 10:57:14.941 | INFO     | app.middleware.logging_middleware:dispatch:59 - request_completed
2026-06-22 10:57:15.000 | INFO     | app.middleware.logging_middleware:dispatch:59 - request_completed
2026-06-22 10:57:15.007 | INFO     | app.middleware.logging_middleware:dispatch:59 - request_completed
2026-06-22 10:57:15.015 | INFO     | app.middleware.logging_middleware:dispatch:59 - request_completed
2026-06-22 10:57:15.016 | INFO     | app.middleware.logging_middleware:dispatch:59 - request_completed
2026-06-22 10:57:15.017 | INFO     | app.middleware.logging_middleware:dispatch:59 - request_completed
2026-06-22 10:57:15.022 | INFO     | app.middleware.logging_middleware:dispatch:59 - request_completed
2026-06-22 10:57:15.036 | INFO     | app.middleware.logging_middleware:dispatch:59 - request_completed
2026-06-22 10:57:15.110 | INFO     | app.middleware.logging_middleware:dispatch:59 - request_completed
2026-06-22 10:57:15.295 | INFO     | app.middleware.logging_middleware:dispatch:59 - request_completed
2026-06-22 10:57:15.334 | INFO     | app.middleware.logging_middleware:dispatch:59 - request_completed
2026-06-22 10:57:15.352 | INFO     | app.middleware.logging_middleware:dispatch:59 - request_completed
2026-06-22 10:57:15.414 | INFO     | app.middleware.logging_middleware:dispatch:59 - request_completed
2026-06-22 10:57:15.430 | INFO     | app.middleware.logging_middleware:dispatch:59 - request_completed
2026-06-22 10:57:15.431 | INFO     | app.middleware.logging_middleware:dispatch:59 - request_completed
2026-06-22 10:57:15.432 | INFO     | app.middleware.logging_middleware:dispatch:59 - request_completed
2026-06-22 10:57:15.435 | INFO     | app.middleware.logging_middleware:dispatch:59 - request_completed
2026-06-22 10:57:15.528 | INFO     | app.middleware.logging_middleware:dispatch:59 - request_completed
2026-06-22 10:57:16.145 | INFO     | app.middleware.logging_middleware:dispatch:59 - request_completed
2026-06-22 10:57:16.188 | INFO     | app.middleware.logging_middleware:dispatch:59 - request_completed
2026-06-22 10:57:16.202 | INFO     | app.middleware.logging_middleware:dispatch:59 - request_completed
2026-06-22 10:57:16.260 | INFO     | app.middleware.logging_middleware:dispatch:59 - request_completed
2026-06-22 10:57:16.265 | INFO     | app.middleware.logging_middleware:dispatch:59 - request_completed
2026-06-22 10:57:16.272 | INFO     | app.middleware.logging_middleware:dispatch:59 - request_completed
2026-06-22 10:57:16.279 | INFO     | app.middleware.logging_middleware:dispatch:59 - request_completed
2026-06-22 10:57:16.280 | INFO     | app.middleware.logging_middleware:dispatch:59 - request_completed
2026-06-22 10:57:16.286 | INFO     | app.middleware.logging_middleware:dispatch:59 - request_completed
2026-06-22 10:57:16.313 | INFO     | app.middleware.logging_middleware:dispatch:59 - request_completed
2026-06-22 10:57:16.359 | INFO     | app.middleware.logging_middleware:dispatch:59 - request_completed
2026-06-22 10:59:28.519 | INFO     | app.middleware.logging_middleware:dispatch:59 - request_completed
2026-06-22 10:59:28.557 | INFO     | app.middleware.logging_middleware:dispatch:59 - request_completed
2026-06-22 10:59:28.569 | INFO     | app.middleware.logging_middleware:dispatch:59 - request_completed
2026-06-22 10:59:28.629 | INFO     | app.middleware.logging_middleware:dispatch:59 - request_completed
2026-06-22 10:59:28.634 | INFO     | app.middleware.logging_middleware:dispatch:59 - request_completed
2026-06-22 10:59:28.638 | INFO     | app.middleware.logging_middleware:dispatch:59 - request_completed
2026-06-22 10:59:28.639 | INFO     | app.middleware.logging_middleware:dispatch:59 - request_completed
2026-06-22 10:59:28.640 | INFO     | app.middleware.logging_middleware:dispatch:59 - request_completed
2026-06-22 10:59:28.648 | INFO     | app.middleware.logging_middleware:dispatch:59 - request_completed
2026-06-22 10:59:28.678 | INFO     | app.middleware.logging_middleware:dispatch:59 - request_completed
2026-06-22 10:59:28.736 | INFO     | app.middleware.logging_middleware:dispatch:59 - request_completed
2026-06-22 10:59:31.331 | INFO     | app.middleware.logging_middleware:dispatch:59 - request_completed
2026-06-22 10:59:31.372 | INFO     | app.middleware.logging_middleware:dispatch:59 - request_completed
2026-06-22 10:59:31.379 | INFO     | app.middleware.logging_middleware:dispatch:59 - request_completed
2026-06-22 10:59:31.444 | INFO     | app.middleware.logging_middleware:dispatch:59 - request_completed
2026-06-22 10:59:31.455 | INFO     | app.middleware.logging_middleware:dispatch:59 - request_completed
2026-06-22 10:59:31.455 | INFO     | app.middleware.logging_middleware:dispatch:59 - request_completed
2026-06-22 10:59:31.457 | INFO     | app.middleware.logging_middleware:dispatch:59 - request_completed
2026-06-22 10:59:31.458 | INFO     | app.middleware.logging_middleware:dispatch:59 - request_completed
2026-06-22 10:59:31.466 | INFO     | app.middleware.logging_middleware:dispatch:59 - request_completed
2026-06-22 10:59:31.501 | INFO     | app.middleware.logging_middleware:dispatch:59 - request_completed
2026-06-22 10:59:31.543 | INFO     | app.middleware.logging_middleware:dispatch:59 - request_completed
2026-06-22 10:59:32.104 | INFO     | app.middleware.logging_middleware:dispatch:59 - request_completed
2026-06-22 10:59:32.146 | INFO     | app.middleware.logging_middleware:dispatch:59 - request_completed
2026-06-22 10:59:32.161 | INFO     | app.middleware.logging_middleware:dispatch:59 - request_completed
2026-06-22 10:59:32.221 | INFO     | app.middleware.logging_middleware:dispatch:59 - request_completed
2026-06-22 10:59:32.222 | INFO     | app.middleware.logging_middleware:dispatch:59 - request_completed
2026-06-22 10:59:32.224 | INFO     | app.middleware.logging_middleware:dispatch:59 - request_completed
2026-06-22 10:59:32.225 | INFO     | app.middleware.logging_middleware:dispatch:59 - request_completed
2026-06-22 10:59:32.231 | INFO     | app.middleware.logging_middleware:dispatch:59 - request_completed
2026-06-22 10:59:32.236 | INFO     | app.middleware.logging_middleware:dispatch:59 - request_completed
2026-06-22 10:59:32.265 | INFO     | app.middleware.logging_middleware:dispatch:59 - request_completed
2026-06-22 10:59:32.325 | INFO     | app.middleware.logging_middleware:dispatch:59 - request_completed
2026-06-22 11:01:07.522 | INFO     | app.middleware.logging_middleware:dispatch:59 - request_completed
2026-06-22 11:01:07.561 | INFO     | app.middleware.logging_middleware:dispatch:59 - request_completed
2026-06-22 11:01:07.577 | INFO     | app.middleware.logging_middleware:dispatch:59 - request_completed
2026-06-22 11:01:07.639 | INFO     | app.middleware.logging_middleware:dispatch:59 - request_completed
2026-06-22 11:01:07.644 | INFO     | app.middleware.logging_middleware:dispatch:59 - request_completed
2026-06-22 11:01:07.649 | INFO     | app.middleware.logging_middleware:dispatch:59 - request_completed
2026-06-22 11:01:07.656 | INFO     | app.middleware.logging_middleware:dispatch:59 - request_completed
2026-06-22 11:01:07.657 | INFO     | app.middleware.logging_middleware:dispatch:59 - request_completed
2026-06-22 11:01:07.658 | INFO     | app.middleware.logging_middleware:dispatch:59 - request_completed
2026-06-22 11:01:07.685 | INFO     | app.middleware.logging_middleware:dispatch:59 - request_completed
2026-06-22 11:01:07.746 | INFO     | app.middleware.logging_middleware:dispatch:59 - request_completed
2026-06-22 11:01:09.875 | INFO     | app.middleware.logging_middleware:dispatch:59 - request_completed
2026-06-22 11:01:09.912 | INFO     | app.middleware.logging_middleware:dispatch:59 - request_completed
2026-06-22 11:01:09.927 | INFO     | app.middleware.logging_middleware:dispatch:59 - request_completed
2026-06-22 11:01:09.987 | INFO     | app.middleware.logging_middleware:dispatch:59 - request_completed
2026-06-22 11:01:09.991 | INFO     | app.middleware.logging_middleware:dispatch:59 - request_completed
2026-06-22 11:01:09.996 | INFO     | app.middleware.logging_middleware:dispatch:59 - request_completed
2026-06-22 11:01:10.002 | INFO     | app.middleware.logging_middleware:dispatch:59 - request_completed
2026-06-22 11:01:10.004 | INFO     | app.middleware.logging_middleware:dispatch:59 - request_completed
2026-06-22 11:01:10.010 | INFO     | app.middleware.logging_middleware:dispatch:59 - request_completed
2026-06-22 11:01:10.041 | INFO     | app.middleware.logging_middleware:dispatch:59 - request_completed
2026-06-22 11:01:10.092 | INFO     | app.middleware.logging_middleware:dispatch:59 - request_completed
2026-06-22 11:09:57.839 | INFO     | app.middleware.logging_middleware:dispatch:59 - request_completed
2026-06-22 11:09:57.881 | INFO     | app.middleware.logging_middleware:dispatch:59 - request_completed
2026-06-22 11:09:57.895 | INFO     | app.middleware.logging_middleware:dispatch:59 - request_completed
2026-06-22 11:09:57.965 | INFO     | app.middleware.logging_middleware:dispatch:59 - request_completed
2026-06-22 11:09:57.968 | INFO     | app.middleware.logging_middleware:dispatch:59 - request_completed
2026-06-22 11:09:57.972 | INFO     | app.middleware.logging_middleware:dispatch:59 - request_completed
2026-06-22 11:09:57.979 | INFO     | app.middleware.logging_middleware:dispatch:59 - request_completed
2026-06-22 11:09:57.985 | INFO     | app.middleware.logging_middleware:dispatch:59 - request_completed
2026-06-22 11:09:57.992 | INFO     | app.middleware.logging_middleware:dispatch:59 - request_completed
2026-06-22 11:09:58.022 | INFO     | app.middleware.logging_middleware:dispatch:59 - request_completed
2026-06-22 11:09:58.070 | INFO     | app.middleware.logging_middleware:dispatch:59 - request_completed
2026-06-22 11:10:09.925 | INFO     | app.middleware.logging_middleware:dispatch:59 - request_completed
2026-06-22 11:10:09.964 | INFO     | app.middleware.logging_middleware:dispatch:59 - request_completed
2026-06-22 11:10:09.975 | INFO     | app.middleware.logging_middleware:dispatch:59 - request_completed
2026-06-22 11:10:10.038 | INFO     | app.middleware.logging_middleware:dispatch:59 - request_completed
2026-06-22 11:10:10.043 | INFO     | app.middleware.logging_middleware:dispatch:59 - request_completed
2026-06-22 11:10:10.043 | INFO     | app.middleware.logging_middleware:dispatch:59 - request_completed
2026-06-22 11:10:10.047 | INFO     | app.middleware.logging_middleware:dispatch:59 - request_completed
2026-06-22 11:10:10.051 | INFO     | app.middleware.logging_middleware:dispatch:59 - request_completed
2026-06-22 11:10:10.053 | INFO     | app.middleware.logging_middleware:dispatch:59 - request_completed
2026-06-22 11:10:10.088 | INFO     | app.middleware.logging_middleware:dispatch:59 - request_completed
2026-06-22 11:10:10.144 | INFO     | app.middleware.logging_middleware:dispatch:59 - request_completed
2026-06-22 11:10:21.105 | INFO     | app.middleware.logging_middleware:dispatch:59 - request_completed
2026-06-22 11:10:21.144 | INFO     | app.middleware.logging_middleware:dispatch:59 - request_completed
2026-06-22 11:10:21.155 | INFO     | app.middleware.logging_middleware:dispatch:59 - request_completed
2026-06-22 11:10:21.217 | INFO     | app.middleware.logging_middleware:dispatch:59 - request_completed
2026-06-22 11:10:21.223 | INFO     | app.middleware.logging_middleware:dispatch:59 - request_completed
2026-06-22 11:10:21.226 | INFO     | app.middleware.logging_middleware:dispatch:59 - request_completed
2026-06-22 11:10:21.228 | INFO     | app.middleware.logging_middleware:dispatch:59 - request_completed
2026-06-22 11:10:21.231 | INFO     | app.middleware.logging_middleware:dispatch:59 - request_completed
2026-06-22 11:10:21.231 | INFO     | app.middleware.logging_middleware:dispatch:59 - request_completed
2026-06-22 11:10:21.268 | INFO     | app.middleware.logging_middleware:dispatch:59 - request_completed
2026-06-22 11:10:21.336 | INFO     | app.middleware.logging_middleware:dispatch:59 - request_completed
2026-06-22 11:10:30.805 | INFO     | app.middleware.logging_middleware:dispatch:59 - request_completed
2026-06-22 11:10:30.843 | INFO     | app.middleware.logging_middleware:dispatch:59 - request_completed
2026-06-22 11:10:30.856 | INFO     | app.middleware.logging_middleware:dispatch:59 - request_completed
2026-06-22 11:10:30.922 | INFO     | app.middleware.logging_middleware:dispatch:59 - request_completed
2026-06-22 11:10:30.937 | INFO     | app.middleware.logging_middleware:dispatch:59 - request_completed
2026-06-22 11:10:30.938 | INFO     | app.middleware.logging_middleware:dispatch:59 - request_completed
2026-06-22 11:10:30.942 | INFO     | app.middleware.logging_middleware:dispatch:59 - request_completed
2026-06-22 11:10:30.948 | INFO     | app.middleware.logging_middleware:dispatch:59 - request_completed
2026-06-22 11:10:30.953 | INFO     | app.middleware.logging_middleware:dispatch:59 - request_completed
2026-06-22 11:10:30.990 | INFO     | app.middleware.logging_middleware:dispatch:59 - request_completed
2026-06-22 11:10:31.030 | INFO     | app.middleware.logging_middleware:dispatch:59 - request_completed
2026-06-22 11:10:44.644 | INFO     | app.middleware.logging_middleware:dispatch:59 - request_completed
2026-06-22 11:10:44.684 | INFO     | app.middleware.logging_middleware:dispatch:59 - request_completed
2026-06-22 11:10:44.698 | INFO     | app.middleware.logging_middleware:dispatch:59 - request_completed
2026-06-22 11:10:44.765 | INFO     | app.middleware.logging_middleware:dispatch:59 - request_completed
2026-06-22 11:10:44.771 | INFO     | app.middleware.logging_middleware:dispatch:59 - request_completed
2026-06-22 11:10:44.774 | INFO     | app.middleware.logging_middleware:dispatch:59 - request_completed
2026-06-22 11:10:44.782 | INFO     | app.middleware.logging_middleware:dispatch:59 - request_completed
2026-06-22 11:10:44.786 | INFO     | app.middleware.logging_middleware:dispatch:59 - request_completed
2026-06-22 11:10:44.787 | INFO     | app.middleware.logging_middleware:dispatch:59 - request_completed
2026-06-22 11:10:44.819 | INFO     | app.middleware.logging_middleware:dispatch:59 - request_completed
2026-06-22 11:10:44.875 | INFO     | app.middleware.logging_middleware:dispatch:59 - request_completed
2026-06-22 11:11:13.037 | INFO     | app.middleware.logging_middleware:dispatch:59 - request_completed
2026-06-22 11:11:13.078 | INFO     | app.middleware.logging_middleware:dispatch:59 - request_completed
2026-06-22 11:11:13.090 | INFO     | app.middleware.logging_middleware:dispatch:59 - request_completed
2026-06-22 11:11:13.153 | INFO     | app.middleware.logging_middleware:dispatch:59 - request_completed
2026-06-22 11:11:13.161 | INFO     | app.middleware.logging_middleware:dispatch:59 - request_completed
2026-06-22 11:11:13.162 | INFO     | app.middleware.logging_middleware:dispatch:59 - request_completed
2026-06-22 11:11:13.162 | INFO     | app.middleware.logging_middleware:dispatch:59 - request_completed
2026-06-22 11:11:13.163 | INFO     | app.middleware.logging_middleware:dispatch:59 - request_completed
2026-06-22 11:11:13.173 | INFO     | app.middleware.logging_middleware:dispatch:59 - request_completed
2026-06-22 11:11:13.207 | INFO     | app.middleware.logging_middleware:dispatch:59 - request_completed
2026-06-22 11:11:13.267 | INFO     | app.middleware.logging_middleware:dispatch:59 - request_completed
2026-06-22 11:11:21.763 | INFO     | app.middleware.logging_middleware:dispatch:59 - request_completed
2026-06-22 11:11:21.802 | INFO     | app.middleware.logging_middleware:dispatch:59 - request_completed
2026-06-22 11:11:21.822 | INFO     | app.middleware.logging_middleware:dispatch:59 - request_completed
2026-06-22 11:11:21.884 | INFO     | app.middleware.logging_middleware:dispatch:59 - request_completed
2026-06-22 11:11:21.888 | INFO     | app.middleware.logging_middleware:dispatch:59 - request_completed
2026-06-22 11:11:21.889 | INFO     | app.middleware.logging_middleware:dispatch:59 - request_completed
2026-06-22 11:11:21.890 | INFO     | app.middleware.logging_middleware:dispatch:59 - request_completed
2026-06-22 11:11:21.895 | INFO     | app.middleware.logging_middleware:dispatch:59 - request_completed
2026-06-22 11:11:21.897 | INFO     | app.middleware.logging_middleware:dispatch:59 - request_completed
2026-06-22 11:11:21.934 | INFO     | app.middleware.logging_middleware:dispatch:59 - request_completed
2026-06-22 11:11:21.986 | INFO     | app.middleware.logging_middleware:dispatch:59 - request_completed
2026-06-22 11:11:37.665 | INFO     | app.middleware.logging_middleware:dispatch:59 - request_completed
2026-06-22 11:11:37.704 | INFO     | app.middleware.logging_middleware:dispatch:59 - request_completed
2026-06-22 11:11:37.713 | INFO     | app.middleware.logging_middleware:dispatch:59 - request_completed
2026-06-22 11:11:37.776 | INFO     | app.middleware.logging_middleware:dispatch:59 - request_completed
2026-06-22 11:11:37.780 | INFO     | app.middleware.logging_middleware:dispatch:59 - request_completed
2026-06-22 11:11:37.785 | INFO     | app.middleware.logging_middleware:dispatch:59 - request_completed
2026-06-22 11:11:37.787 | INFO     | app.middleware.logging_middleware:dispatch:59 - request_completed
2026-06-22 11:11:37.788 | INFO     | app.middleware.logging_middleware:dispatch:59 - request_completed
2026-06-22 11:11:37.788 | INFO     | app.middleware.logging_middleware:dispatch:59 - request_completed
2026-06-22 11:11:37.835 | INFO     | app.middleware.logging_middleware:dispatch:59 - request_completed
2026-06-22 11:11:37.871 | INFO     | app.middleware.logging_middleware:dispatch:59 - request_completed
2026-06-22 11:12:17.334 | INFO     | app.middleware.logging_middleware:dispatch:59 - request_completed
2026-06-22 11:12:17.371 | INFO     | app.middleware.logging_middleware:dispatch:59 - request_completed
2026-06-22 11:12:17.381 | INFO     | app.middleware.logging_middleware:dispatch:59 - request_completed
2026-06-22 11:12:17.449 | INFO     | app.middleware.logging_middleware:dispatch:59 - request_completed
2026-06-22 11:12:17.455 | INFO     | app.middleware.logging_middleware:dispatch:59 - request_completed
2026-06-22 11:12:17.455 | INFO     | app.middleware.logging_middleware:dispatch:59 - request_completed
2026-06-22 11:12:17.458 | INFO     | app.middleware.logging_middleware:dispatch:59 - request_completed
2026-06-22 11:12:17.459 | INFO     | app.middleware.logging_middleware:dispatch:59 - request_completed
2026-06-22 11:12:17.462 | INFO     | app.middleware.logging_middleware:dispatch:59 - request_completed
2026-06-22 11:12:17.499 | INFO     | app.middleware.logging_middleware:dispatch:59 - request_completed
2026-06-22 11:12:17.550 | INFO     | app.middleware.logging_middleware:dispatch:59 - request_completed
2026-06-22 11:12:51.305 | INFO     | app.middleware.logging_middleware:dispatch:59 - request_completed
2026-06-22 11:12:51.344 | INFO     | app.middleware.logging_middleware:dispatch:59 - request_completed
2026-06-22 11:12:51.352 | INFO     | app.middleware.logging_middleware:dispatch:59 - request_completed
2026-06-22 11:12:51.422 | INFO     | app.middleware.logging_middleware:dispatch:59 - request_completed
2026-06-22 11:12:51.425 | INFO     | app.middleware.logging_middleware:dispatch:59 - request_completed
2026-06-22 11:12:51.433 | INFO     | app.middleware.logging_middleware:dispatch:59 - request_completed
2026-06-22 11:12:51.436 | INFO     | app.middleware.logging_middleware:dispatch:59 - request_completed
2026-06-22 11:12:51.436 | INFO     | app.middleware.logging_middleware:dispatch:59 - request_completed
2026-06-22 11:12:51.442 | INFO     | app.middleware.logging_middleware:dispatch:59 - request_completed
2026-06-22 11:12:51.474 | INFO     | app.middleware.logging_middleware:dispatch:59 - request_completed
2026-06-22 11:12:51.521 | INFO     | app.middleware.logging_middleware:dispatch:59 - request_completed
2026-06-22 11:13:32.576 | INFO     | app.middleware.logging_middleware:dispatch:59 - request_completed
2026-06-22 11:13:32.617 | INFO     | app.middleware.logging_middleware:dispatch:59 - request_completed
2026-06-22 11:13:32.630 | INFO     | app.middleware.logging_middleware:dispatch:59 - request_completed
2026-06-22 11:13:32.689 | INFO     | app.middleware.logging_middleware:dispatch:59 - request_completed
2026-06-22 11:13:32.702 | INFO     | app.middleware.logging_middleware:dispatch:59 - request_completed
2026-06-22 11:13:32.707 | INFO     | app.middleware.logging_middleware:dispatch:59 - request_completed
2026-06-22 11:13:32.709 | INFO     | app.middleware.logging_middleware:dispatch:59 - request_completed
2026-06-22 11:13:32.714 | INFO     | app.middleware.logging_middleware:dispatch:59 - request_completed
2026-06-22 11:13:32.715 | INFO     | app.middleware.logging_middleware:dispatch:59 - request_completed
2026-06-22 11:13:32.753 | INFO     | app.middleware.logging_middleware:dispatch:59 - request_completed
2026-06-22 11:13:32.796 | INFO     | app.middleware.logging_middleware:dispatch:59 - request_completed
2026-06-22 11:13:34.151 | INFO     | app.middleware.logging_middleware:dispatch:59 - request_completed
2026-06-22 11:13:34.190 | INFO     | app.middleware.logging_middleware:dispatch:59 - request_completed
2026-06-22 11:13:34.209 | INFO     | app.middleware.logging_middleware:dispatch:59 - request_completed
2026-06-22 11:13:34.272 | INFO     | app.middleware.logging_middleware:dispatch:59 - request_completed
2026-06-22 11:13:34.274 | INFO     | app.middleware.logging_middleware:dispatch:59 - request_completed
2026-06-22 11:13:34.274 | INFO     | app.middleware.logging_middleware:dispatch:59 - request_completed
2026-06-22 11:13:34.277 | INFO     | app.middleware.logging_middleware:dispatch:59 - request_completed
2026-06-22 11:13:34.278 | INFO     | app.middleware.logging_middleware:dispatch:59 - request_completed
2026-06-22 11:13:34.287 | INFO     | app.middleware.logging_middleware:dispatch:59 - request_completed
2026-06-22 11:13:34.318 | INFO     | app.middleware.logging_middleware:dispatch:59 - request_completed
2026-06-22 11:13:34.376 | INFO     | app.middleware.logging_middleware:dispatch:59 - request_completed
2026-06-22 11:13:40.995 | INFO     | app.middleware.logging_middleware:dispatch:59 - request_completed
2026-06-22 11:13:41.031 | INFO     | app.middleware.logging_middleware:dispatch:59 - request_completed
2026-06-22 11:13:41.040 | INFO     | app.middleware.logging_middleware:dispatch:59 - request_completed
2026-06-22 11:13:41.103 | INFO     | app.middleware.logging_middleware:dispatch:59 - request_completed
2026-06-22 11:13:41.108 | INFO     | app.middleware.logging_middleware:dispatch:59 - request_completed
2026-06-22 11:13:41.113 | INFO     | app.middleware.logging_middleware:dispatch:59 - request_completed
2026-06-22 11:13:41.115 | INFO     | app.middleware.logging_middleware:dispatch:59 - request_completed
2026-06-22 11:13:41.121 | INFO     | app.middleware.logging_middleware:dispatch:59 - request_completed
2026-06-22 11:13:41.122 | INFO     | app.middleware.logging_middleware:dispatch:59 - request_completed
2026-06-22 11:13:41.150 | INFO     | app.middleware.logging_middleware:dispatch:59 - request_completed
2026-06-22 11:13:41.202 | INFO     | app.middleware.logging_middleware:dispatch:59 - request_completed
2026-06-22 11:14:05.586 | INFO     | app.middleware.logging_middleware:dispatch:59 - request_completed
2026-06-22 11:14:05.624 | INFO     | app.middleware.logging_middleware:dispatch:59 - request_completed
2026-06-22 11:14:05.634 | INFO     | app.middleware.logging_middleware:dispatch:59 - request_completed
2026-06-22 11:14:05.698 | INFO     | app.middleware.logging_middleware:dispatch:59 - request_completed
2026-06-22 11:14:05.705 | INFO     | app.middleware.logging_middleware:dispatch:59 - request_completed
2026-06-22 11:14:05.714 | INFO     | app.middleware.logging_middleware:dispatch:59 - request_completed
2026-06-22 11:14:05.715 | INFO     | app.middleware.logging_middleware:dispatch:59 - request_completed
2026-06-22 11:14:05.716 | INFO     | app.middleware.logging_middleware:dispatch:59 - request_completed
2026-06-22 11:14:05.720 | INFO     | app.middleware.logging_middleware:dispatch:59 - request_completed
2026-06-22 11:14:05.760 | INFO     | app.middleware.logging_middleware:dispatch:59 - request_completed
2026-06-22 11:14:05.803 | INFO     | app.middleware.logging_middleware:dispatch:59 - request_completed
2026-06-22 11:14:36.289 | INFO     | app.middleware.logging_middleware:dispatch:59 - request_completed
2026-06-22 11:14:36.327 | INFO     | app.middleware.logging_middleware:dispatch:59 - request_completed
2026-06-22 11:14:36.335 | INFO     | app.middleware.logging_middleware:dispatch:59 - request_completed
2026-06-22 11:14:36.405 | INFO     | app.middleware.logging_middleware:dispatch:59 - request_completed
2026-06-22 11:14:36.407 | INFO     | app.middleware.logging_middleware:dispatch:59 - request_completed
2026-06-22 11:14:36.413 | INFO     | app.middleware.logging_middleware:dispatch:59 - request_completed
2026-06-22 11:14:36.418 | INFO     | app.middleware.logging_middleware:dispatch:59 - request_completed
2026-06-22 11:14:36.423 | INFO     | app.middleware.logging_middleware:dispatch:59 - request_completed
2026-06-22 11:14:36.426 | INFO     | app.middleware.logging_middleware:dispatch:59 - request_completed
2026-06-22 11:14:36.458 | INFO     | app.middleware.logging_middleware:dispatch:59 - request_completed
2026-06-22 11:14:36.497 | INFO     | app.middleware.logging_middleware:dispatch:59 - request_completed
2026-06-22 11:14:47.996 | INFO     | app.middleware.logging_middleware:dispatch:59 - request_completed
2026-06-22 11:14:47.997 | INFO     | app.middleware.logging_middleware:dispatch:59 - request_completed
2026-06-22 11:14:48.004 | INFO     | app.middleware.logging_middleware:dispatch:59 - request_completed
2026-06-22 11:14:48.033 | INFO     | app.middleware.logging_middleware:dispatch:59 - request_completed
2026-06-22 11:15:09.416 | INFO     | app.middleware.logging_middleware:dispatch:59 - request_completed
2026-06-22 11:15:17.067 | INFO     | app.middleware.logging_middleware:dispatch:59 - request_completed
2026-06-22 11:15:19.395 | INFO     | app.middleware.logging_middleware:dispatch:59 - request_completed
2026-06-22 11:15:19.406 | INFO     | app.middleware.logging_middleware:dispatch:59 - request_completed
2026-06-22 11:15:19.412 | INFO     | app.middleware.logging_middleware:dispatch:59 - request_completed
2026-06-22 11:15:19.443 | INFO     | app.middleware.logging_middleware:dispatch:59 - request_completed
2026-06-22 11:15:25.266 | INFO     | app.middleware.logging_middleware:dispatch:59 - request_completed
2026-06-22 11:15:25.682 | INFO     | app.middleware.logging_middleware:dispatch:59 - request_completed
2026-06-22 11:15:34.085 | INFO     | app.middleware.logging_middleware:dispatch:59 - request_completed
2026-06-22 11:15:34.087 | INFO     | app.middleware.logging_middleware:dispatch:59 - request_completed
2026-06-22 11:15:34.115 | INFO     | app.middleware.logging_middleware:dispatch:59 - request_completed
2026-06-22 11:15:50.137 | INFO     | app.middleware.logging_middleware:dispatch:59 - request_completed
2026-06-22 11:15:50.138 | INFO     | app.middleware.logging_middleware:dispatch:59 - request_completed
2026-06-22 11:15:50.166 | INFO     | app.middleware.logging_middleware:dispatch:59 - request_completed
2026-06-22 11:16:02.466 | INFO     | app.middleware.logging_middleware:dispatch:59 - request_completed
2026-06-22 11:16:02.495 | INFO     | app.middleware.logging_middleware:dispatch:59 - request_completed
2026-06-22 11:16:02.496 | INFO     | app.middleware.logging_middleware:dispatch:59 - request_completed
2026-06-22 11:16:09.634 | INFO     | app.middleware.logging_middleware:dispatch:59 - request_completed
2026-06-22 11:16:14.737 | INFO     | app.middleware.logging_middleware:dispatch:59 - request_completed
2026-06-22 11:16:14.742 | ERROR    | app.core.exception_handler:fallback_exception_handler:112 - Unhandled exception on GET /api/v1/alerts/: 1 validation error for AlertFilter
alert_type
  Input should be 'stockout_risk', 'below_safety', 'expiry' or 'anomaly' [type=literal_error, input_value='critical', input_type=str]
    For further information visit https://errors.pydantic.dev/2.13/v/literal_error
NoneType: None
2026-06-22 11:16:15.118 | INFO     | app.middleware.logging_middleware:dispatch:59 - request_completed
2026-06-22 11:16:15.155 | INFO     | app.middleware.logging_middleware:dispatch:59 - request_completed
2026-06-22 11:16:15.169 | INFO     | app.middleware.logging_middleware:dispatch:59 - request_completed
2026-06-22 11:16:15.231 | INFO     | app.middleware.logging_middleware:dispatch:59 - request_completed
2026-06-22 11:16:15.232 | INFO     | app.middleware.logging_middleware:dispatch:59 - request_completed
2026-06-22 11:16:15.244 | INFO     | app.middleware.logging_middleware:dispatch:59 - request_completed
2026-06-22 11:16:15.252 | INFO     | app.middleware.logging_middleware:dispatch:59 - request_completed
2026-06-22 11:16:15.253 | INFO     | app.middleware.logging_middleware:dispatch:59 - request_completed
2026-06-22 11:16:15.259 | INFO     | app.middleware.logging_middleware:dispatch:59 - request_completed
2026-06-22 11:16:15.283 | INFO     | app.middleware.logging_middleware:dispatch:59 - request_completed
2026-06-22 11:16:15.348 | INFO     | app.middleware.logging_middleware:dispatch:59 - request_completed
2026-06-22 11:16:16.760 | INFO     | app.middleware.logging_middleware:dispatch:59 - request_completed
2026-06-22 11:16:16.767 | INFO     | app.middleware.logging_middleware:dispatch:59 - request_completed
2026-06-22 11:16:16.856 | INFO     | app.middleware.logging_middleware:dispatch:59 - request_completed
2026-06-22 11:16:16.927 | INFO     | app.middleware.logging_middleware:dispatch:59 - request_completed
2026-06-22 11:16:20.804 | INFO     | app.middleware.logging_middleware:dispatch:59 - request_completed
2026-06-22 11:16:20.808 | INFO     | app.middleware.logging_middleware:dispatch:59 - request_completed
2026-06-22 11:16:23.032 | INFO     | app.middleware.logging_middleware:dispatch:59 - request_completed
2026-06-22 11:16:23.065 | INFO     | app.middleware.logging_middleware:dispatch:59 - request_completed
2026-06-22 11:16:38.461 | INFO     | app.middleware.logging_middleware:dispatch:59 - request_completed
2026-06-22 11:16:38.532 | INFO     | app.middleware.logging_middleware:dispatch:59 - request_completed
2026-06-22 11:17:03.427 | INFO     | app.middleware.logging_middleware:dispatch:59 - request_completed
2026-06-22 11:17:03.505 | INFO     | app.middleware.logging_middleware:dispatch:59 - request_completed
2026-06-22 11:17:11.419 | INFO     | app.middleware.logging_middleware:dispatch:59 - request_completed
2026-06-22 11:17:11.491 | INFO     | app.middleware.logging_middleware:dispatch:59 - request_completed
2026-06-22 11:17:28.532 | INFO     | app.middleware.logging_middleware:dispatch:59 - request_completed
2026-06-22 11:17:28.535 | INFO     | app.middleware.logging_middleware:dispatch:59 - request_completed
2026-06-22 11:18:41.170 | INFO     | app.middleware.logging_middleware:dispatch:59 - request_completed
2026-06-22 11:18:45.474 | INFO     | app.middleware.logging_middleware:dispatch:59 - request_completed
2026-06-22 11:18:45.526 | INFO     | app.middleware.logging_middleware:dispatch:59 - request_completed
2026-06-22 11:18:45.585 | INFO     | app.middleware.logging_middleware:dispatch:59 - request_completed
2026-06-22 11:18:45.657 | INFO     | app.middleware.logging_middleware:dispatch:59 - request_completed
2026-06-22 11:18:45.659 | INFO     | app.middleware.logging_middleware:dispatch:59 - request_completed
2026-06-22 11:18:45.661 | INFO     | app.middleware.logging_middleware:dispatch:59 - request_completed
2026-06-22 11:18:45.670 | INFO     | app.middleware.logging_middleware:dispatch:59 - request_completed
2026-06-22 11:18:45.675 | INFO     | app.middleware.logging_middleware:dispatch:59 - request_completed
2026-06-22 11:18:45.677 | INFO     | app.middleware.logging_middleware:dispatch:59 - request_completed
2026-06-22 11:18:45.705 | INFO     | app.middleware.logging_middleware:dispatch:59 - request_completed
2026-06-22 11:18:45.760 | INFO     | app.middleware.logging_middleware:dispatch:59 - request_completed
2026-06-22 11:18:49.997 | INFO     | app.middleware.logging_middleware:dispatch:59 - request_completed
2026-06-22 11:18:49.999 | INFO     | app.middleware.logging_middleware:dispatch:59 - request_completed
